TMP_AR,TMP_EN,CENTER,Q233,Q244,Q256,Q326,GENDER,ACACDEMIC_LEVEL,NATIONALITY,SECTOR,Dim1.1,Dim1.2,Dim2.1,Dim2.2,Dim2.3,Dim3.1,Dim3.2,Dim3.3,Dim3.4,Dim3.5,Dim3.6,Dim3.7,Dim3.8,Dim4.1,Dim4.2,Dim4.3,Dim4.4,Dim4.5,Dim4.6,Dim4.7,Dim4.8,Dim4.9,Dim4.10,Dim4.11,Dim4.12,Dim5.1,Dim5.2,Dim5.3,Dim6.1,Dim6.2,NPS,Unnamed: 42,Most_Unsat,Most_Sat,SERVICE
استبانة تجربة المتعامل _ 2025 - ميدان,Customer Experience Survey _ 2025 - Tablet,1,,8.0,,,1,5,4,1,3,3,4,4,4,3,4,4,4,4,4,4,4,4.0,4.0,4.0,4.0,4.0,4.0,4.0,4.0,4.0,4.0,4.0,4.0,4.0,4.0,4.0,4.0,4.0,10.0,,لاشي,احترام,Q244_8
استبانة تجربة المتعامل _ 2025 - ميدان,Customer Experience Survey _ 2025 - Tablet,1,,1.0,,,1,7,3,3,4,4,5,4,4,4,5,5,5,5,5,5,5,5.0,4.0,4.0,4.0,5.0,5.0,5.0,5.0,5.0,5.0,5.0,5.0,5.0,4.0,4.0,5.0,5.0,10.0,,لاشي,السرعه في الاداء,Q244_1
استبانة تجربة المتعامل _ 2025 - ميدان,Customer Experience Survey _ 2025 - Tablet,1,,8.0,,,1,5,4,3,3,3,4,1,4,3,4,5,5,5,4,4,4,4.0,4.0,4.0,5.0,5.0,4.0,4.0,4.0,4.0,4.0,4.0,1.0,4.0,3.0,4.0,4.0,4.0,8.0,,_,استقبال الموظفه,Q244_8
استبانة تجربة المتعامل _ 2025 - ميدان,Customer Experience Survey _ 2025 - Tablet,1,,8.0,,,1,5,4,1,4,4,3,2,4,4,5,5,5,4,5,4,4,5.0,4.0,4.0,4.0,4.0,4.0,4.0,4.0,4.0,4.0,3.0,5.0,4.0,4.0,4.0,5.0,5.0,10.0,,_,_,Q244_8
استبانة تجربة المتعامل _ 2025 - ميدان,Customer Experience Survey _ 2025 - Tablet,1,,1.0,,,1,7,4,3,4,4,4,4,4,4,4,4,4,4,4,3,4,4.0,4.0,4.0,4.0,4.0,4.0,4.0,4.0,4.0,4.0,4.0,4.0,4.0,4.0,4.0,5.0,4.0,10.0,,_,تعامل الموظفه بلطف,Q244_1
استبانة تجربة المتعامل _ 2025 - ميدان,Customer Experience Survey _ 2025 - Tablet,1,,1.0,,,1,7,4,2,5,5,5,4,5,4,5,4,5,5,3,5,5,5.0,5.0,5.0,5.0,5.0,5.0,4.0,4.0,5.0,5.0,3.0,4.0,5.0,5.0,4.0,5.0,4.0,10.0,,Nothing,Quick well. Responsible,Q244_1
استبانة تجربة المتعامل _ 2025 - ميدان,Customer Experience Survey _ 2025 - Tablet,1,,8.0,,,1,5,4,3,5,5,5,5,5,5,5,5,5,5,5,5,5,5.0,5.0,5.0,5.0,5.0,5.0,5.0,5.0,5.0,5.0,5.0,5.0,5.0,5.0,5.0,5.0,5.0,10.0,,_,تعامل الموظفه,Q244_8
استبانة تجربة المتعامل _ 2025 - ميدان,Customer Experience Survey _ 2025 - Tablet,1,,1.0,,,1,7,3,3,4,4,5,2,5,3,5,5,5,5,3,5,5,5.0,5.0,5.0,5.0,5.0,3.0,4.0,5.0,5.0,5.0,4.0,5.0,5.0,5.0,5.0,5.0,5.0,9.0,,لا شي,تعامل الموظفين,Q244_1
استبانة تجربة المتعامل _ 2025 - ميدان,Customer Experience Survey _ 2025 - Tablet,1,,8.0,,,1,7,4,3,3,3,4,4,4,4,4,3,5,5,4,4,4,5.0,5.0,5.0,5.0,5.0,4.0,4.0,5.0,4.0,5.0,4.0,5.0,4.0,3.0,4.0,5.0,4.0,10.0,,Nothing,Saving time,Q244_8
استبانة تجربة المتعامل _ 2025 - ميدان,Customer Experience Survey _ 2025 - Tablet,1,,8.0,,,1,5,4,3,4,4,5,2,4,3,4,3,4,3,4,4,3,4.0,4.0,4.0,4.0,4.0,3.0,4.0,4.0,4.0,3.0,2.0,3.0,4.0,3.0,4.0,3.0,3.0,9.0,,Nothing,Saving time,Q244_8
استبانة تجربة المتعامل _ 2025 - ميدان,Customer Experience Survey _ 2025 - Tablet,1,,1.0,,,1,7,3,3,2,2,4,4,4,4,5,5,5,4,4,5,3,5.0,5.0,5.0,5.0,5.0,2.0,4.0,3.0,4.0,4.0,4.0,4.0,4.0,4.0,4.0,5.0,5.0,9.0,,لا شي,التعامل اللطيف,Q244_1
استبانة تجربة المتعامل _ 2025 - ميدان,Customer Experience Survey _ 2025 - Tablet,1,,11.0,,,1,5,3,3,3,3,4,4,4,4,4,4,4,4,4,5,5,5.0,5.0,5.0,5.0,5.0,5.0,5.0,5.0,5.0,5.0,2.0,3.0,4.0,4.0,4.0,3.0,3.0,8.0,,لا شي,تعامل الموظفين,Q244_11
استبانة تجربة المتعامل _ 2025 - ميدان,Customer Experience Survey _ 2025 - Tablet,1,,2.0,,,1,7,1,2,5,5,5,5,5,5,5,5,5,2,3,2,4,4.0,4.0,4.0,4.0,4.0,4.0,4.0,2.0,4.0,4.0,4.0,4.0,4.0,4.0,4.0,4.0,4.0,10.0,,لا شي,تعامل الموظفين,Q244_2
استبانة تجربة المتعامل _ 2025 - ميدان,Customer Experience Survey _ 2025 - Tablet,1,,11.0,,,1,5,4,1,4,4,4,4,4,4,4,4,4,4,4,4,4,4.0,4.0,4.0,4.0,4.0,4.0,4.0,4.0,4.0,4.0,4.0,4.0,4.0,4.0,4.0,4.0,4.0,9.0,,Nothing,Procedure are easy,Q244_11
استبانة تجربة المتعامل _ 2025 - ميدان,Customer Experience Survey _ 2025 - Tablet,1,,8.0,,,1,5,4,3,4,4,4,4,5,5,4,4,5,4,3,4,5,5.0,4.0,5.0,4.0,4.0,3.0,4.0,4.0,4.0,4.0,4.0,4.0,4.0,4.0,4.0,5.0,4.0,9.0,,Nothing,Service is very good,Q244_8
استبانة تجربة المتعامل _ 2025 - ميدان,Customer Experience Survey _ 2025 - Tablet,1,,2.0,,,1,8,4,3,4,4,4,2,4,4,4,4,4,4,5,3,3,4.0,4.0,4.0,4.0,4.0,4.0,3.0,4.0,4.0,4.0,4.0,4.0,4.0,4.0,3.0,4.0,4.0,10.0,,Nothing,Quick response,Q244_2
استبانة تجربة المتعامل _ 2025 - ميدان,Customer Experience Survey _ 2025 - Tablet,1,,11.0,,,1,5,1,3,3,3,3,2,4,4,4,4,4,4,3,4,4,4.0,4.0,4.0,4.0,4.0,4.0,4.0,2.0,3.0,4.0,3.0,4.0,4.0,4.0,4.0,4.0,4.0,8.0,,لاشي,سهوله الاجراء,Q244_11
استبانة تجربة المتعامل _ 2025 - ميدان,Customer Experience Survey _ 2025 - Tablet,1,,1.0,,,1,7,4,3,4,4,5,4,4,4,4,4,4,4,3,4,4,4.0,4.0,4.0,4.0,4.0,4.0,4.0,4.0,4.0,4.0,4.0,4.0,4.0,4.0,4.0,4.0,4.0,10.0,,Nothing,Easy procedure,Q244_1
استبانة تجربة المتعامل _ 2025 - ميدان,Customer Experience Survey _ 2025 - Tablet,1,,7.0,,,1,5,1,1,2,2,4,2,5,3,5,5,5,4,3,1,4,5.0,5.0,5.0,5.0,5.0,4.0,5.0,4.0,3.0,4.0,4.0,4.0,4.0,4.0,4.0,3.0,3.0,7.0,,عدم وجود مواقف و مده الانتظار,تعامل الموظفين,Q244_7
استبانة تجربة المتعامل _ 2025 - ميدان,Customer Experience Survey _ 2025 - Tablet,1,,11.0,,,1,5,1,1,4,4,4,2,4,4,5,5,5,5,3,3,4,5.0,4.0,4.0,4.0,4.0,4.0,4.0,4.0,4.0,4.0,2.0,4.0,4.0,3.0,3.0,2.0,2.0,6.0,,لم تكتمل المعامله من شهر ?,لاشي,Q244_11
استبانة تجربة المتعامل _ 2025 - ميدان,Customer Experience Survey _ 2025 - Tablet,1,,1.0,,,1,7,4,3,5,5,5,3,5,5,5,5,5,5,5,5,5,5.0,5.0,5.0,5.0,5.0,5.0,5.0,5.0,5.0,5.0,5.0,5.0,5.0,5.0,5.0,5.0,5.0,10.0,,Nothings,Everything,Q244_1
استبانة تجربة المتعامل _ 2025 - ميدان,Customer Experience Survey _ 2025 - Tablet,1,,11.0,,,1,7,4,1,3,3,4,4,4,4,4,4,4,4,4,4,4,4.0,4.0,4.0,4.0,4.0,4.0,4.0,4.0,4.0,4.0,4.0,4.0,4.0,4.0,4.0,4.0,4.0,9.0,,_,Everything,Q244_11
استبانة تجربة المتعامل _ 2025 - ميدان,Customer Experience Survey _ 2025 - Tablet,1,,2.0,,,1,7,3,3,4,4,4,1,4,4,4,4,4,4,2,1,4,4.0,4.0,4.0,4.0,4.0,3.0,4.0,3.0,3.0,4.0,2.0,2.0,4.0,4.0,4.0,5.0,4.0,7.0,,سعر الخدمه,تعامل الموظفه,Q244_2
استبانة تجربة المتعامل _ 2025 - ميدان,Customer Experience Survey _ 2025 - Tablet,1,,8.0,,,1,8,4,3,3,3,2,4,4,4,4,4,4,4,3,4,4,4.0,4.0,4.0,4.0,4.0,2.0,4.0,4.0,4.0,3.0,2.0,4.0,4.0,4.0,4.0,4.0,4.0,9.0,,Nothings,Finished quickly,Q244_8
استبانة تجربة المتعامل _ 2025 - ميدان,Customer Experience Survey _ 2025 - Tablet,1,,1.0,,,1,7,4,3,4,4,4,4,4,4,4,4,4,4,4,4,4,4.0,4.0,4.0,4.0,4.0,4.0,4.0,4.0,4.0,4.0,3.0,2.0,4.0,4.0,4.0,5.0,5.0,9.0,,No online payment,Staff is very welcoming,Q244_1
استبانة تجربة المتعامل _ 2025 - ميدان,Customer Experience Survey _ 2025 - Tablet,1,,1.0,,,1,7,4,3,3,3,4,2,4,4,4,4,4,2,4,2,3,4.0,4.0,4.0,4.0,4.0,4.0,4.0,3.0,3.0,4.0,4.0,4.0,4.0,4.0,3.0,4.0,4.0,8.0,,No Parking  available,Staff smile,Q244_1
استبانة تجربة المتعامل _ 2025 - ميدان,Customer Experience Survey _ 2025 - Tablet,1,,1.0,,,1,7,4,3,3,3,4,2,4,4,5,4,5,4,3,4,5,4.0,4.0,4.0,4.0,3.0,3.0,4.0,3.0,4.0,4.0,5.0,4.0,4.0,4.0,4.0,4.0,4.0,9.0,,_,Saving time,Q244_1
استبانة تجربة المتعامل _ 2025 - ميدان,Customer Experience Survey _ 2025 - Tablet,1,,11.0,,,1,5,1,1,2,2,1,2,3,3,4,4,4,4,2,2,4,4.0,2.0,2.0,4.0,2.0,2.0,2.0,2.0,2.0,4.0,4.0,4.0,3.0,2.0,3.0,1.0,1.0,4.0,,عدم انجاز الخدمه,لا شي,Q244_11
استبانة تجربة المتعامل _ 2025 - ميدان,Customer Experience Survey _ 2025 - Tablet,1,,1.0,,,1,7,4,3,3,3,4,4,4,3,4,4,4,4,3,4,4,4.0,4.0,4.0,4.0,4.0,4.0,4.0,4.0,4.0,4.0,4.0,4.0,4.0,4.0,4.0,4.0,4.0,10.0,,Nothings,Quick response,Q244_1
استبانة تجربة المتعامل _ 2025 - ميدان,Customer Experience Survey _ 2025 - Tablet,1,,7.0,,,2,5,3,2,3,3,4,4,4,4,4,4,4,4,4,4,4,4.0,4.0,4.0,4.0,4.0,4.0,4.0,4.0,4.0,4.0,4.0,4.0,4.0,4.0,4.0,4.0,4.0,10.0,,لاشي,سرعه الاداء,Q244_7
استبانة تجربة المتعامل _ 2025 - ميدان,Customer Experience Survey _ 2025 - Tablet,1,,11.0,,,1,7,3,3,4,4,5,2,5,4,5,5,5,5,5,5,5,5.0,5.0,5.0,5.0,5.0,5.0,4.0,2.0,3.0,5.0,3.0,5.0,3.0,5.0,5.0,4.0,4.0,8.0,,اضطراب في المعلومات والاوراق المطلوبة,الموظفين,Q244_11
استبانة تجربة المتعامل _ 2025 - ميدان,Customer Experience Survey _ 2025 - Tablet,1,,11.0,,,1,5,1,1,3,3,5,4,5,4,5,5,5,5,5,5,5,5.0,5.0,5.0,5.0,5.0,5.0,5.0,5.0,5.0,5.0,5.0,5.0,4.0,4.0,5.0,5.0,5.0,9.0,,الباركينج,اسلوب وتعامل الموظفين,Q244_11
استبانة تجربة المتعامل _ 2025 - ميدان,Customer Experience Survey _ 2025 - Tablet,1,,1.0,,,1,5,3,3,4,4,4,5,5,4,5,5,5,5,5,5,5,5.0,5.0,5.0,5.0,5.0,5.0,5.0,5.0,5.0,5.0,5.0,5.0,5.0,5.0,5.0,5.0,5.0,10.0,,لا,تعاون الموظفة المسؤولة عن المعاملة,Q244_1
استبانة تجربة المتعامل _ 2025 - ميدان,Customer Experience Survey _ 2025 - Tablet,1,,11.0,,,1,7,3,3,4,4,4,2,5,5,5,5,5,5,2,5,5,5.0,5.0,5.0,5.0,5.0,5.0,5.0,5.0,5.0,5.0,3.0,5.0,5.0,5.0,4.0,5.0,5.0,9.0,,مواقف السيارات,إنجاز المعاملة,Q244_11
استبانة تجربة المتعامل _ 2025 - ميدان,Customer Experience Survey _ 2025 - Tablet,1,,11.0,,,1,5,1,1,4,4,5,4,5,5,4,5,5,5,2,4,4,4.0,5.0,4.0,4.0,4.0,4.0,4.0,3.0,3.0,5.0,5.0,5.0,4.0,4.0,5.0,5.0,5.0,10.0,,التأخير,الاستقبال,Q244_11
استبانة تجربة المتعامل _ 2025 - ميدان,Customer Experience Survey _ 2025 - Tablet,1,,11.0,,,1,5,3,1,4,4,5,4,5,5,5,5,5,5,5,5,5,5.0,5.0,5.0,5.0,5.0,5.0,5.0,5.0,5.0,5.0,5.0,5.0,5.0,5.0,5.0,5.0,5.0,10.0,,لا,اسلوب وتعامل الموظف,Q244_11
استبانة تجربة المتعامل _ 2025 - ميدان,Customer Experience Survey _ 2025 - Tablet,1,,11.0,,,1,5,1,3,5,5,5,2,5,5,5,5,5,5,4,5,5,4.0,4.0,5.0,5.0,5.0,5.0,5.0,5.0,5.0,5.0,1.0,5.0,5.0,5.0,5.0,5.0,5.0,9.0,,الأفضل وجود تقديم المعاملات والدفع اونلاين بدلًا الازدحام  وبعد المسافة للبعض + رسوم التأمين عالية جدًا,الاستقبال وإنجاز المعاملة,Q244_11
استبانة تجربة المتعامل _ 2025 - ميدان,Customer Experience Survey _ 2025 - Tablet,1,,1.0,,,1,7,3,3,3,4,5,3,5,3,5,5,5,5,5,5,5,5.0,5.0,5.0,5.0,5.0,5.0,5.0,5.0,5.0,5.0,5.0,5.0,5.0,5.0,5.0,5.0,5.0,10.0,,لا,إنجاز المعاملة,Q244_1
استبانة تجربة المتعامل _ 2025 - ميدان,Customer Experience Survey _ 2025 - Tablet,1,,7.0,,,1,7,3,3,4,4,5,5,5,5,5,5,5,5,5,5,5,5.0,5.0,5.0,5.0,5.0,5.0,5.0,5.0,5.0,5.0,3.0,5.0,5.0,5.0,5.0,5.0,5.0,10.0,,لا,الموظفين متعاونين,Q244_7
استبانة تجربة المتعامل _ 2025 - ميدان,Customer Experience Survey _ 2025 - Tablet,1,,11.0,,,1,7,1,1,5,5,5,5,5,5,5,5,5,5,5,3,5,5.0,5.0,5.0,5.0,5.0,5.0,5.0,5.0,5.0,5.0,5.0,5.0,3.0,3.0,4.0,4.0,5.0,9.0,,تأخير,الموظفين,Q244_11
استبانة تجربة المتعامل _ 2025 - ميدان,Customer Experience Survey _ 2025 - Tablet,1,,2.0,,,1,7,4,3,4,3,4,5,5,4,5,5,5,5,5,5,4,5.0,4.0,5.0,5.0,4.0,5.0,4.0,4.0,4.0,5.0,4.0,5.0,5.0,5.0,4.0,5.0,5.0,9.0,,Penalty imposed by PSD for debris issue without prior warning,Faster response with cordial behaviour,Q244_2
استبانة تجربة المتعامل _ 2025 - ميدان,Customer Experience Survey _ 2025 - Tablet,1,,1.0,,,1,7,4,3,4,4,2,2,4,4,4,4,4,4,3,4,4,4.0,4.0,4.0,4.0,4.0,4.0,4.0,4.0,4.0,4.0,4.0,4.0,4.0,4.0,4.0,5.0,5.0,9.0,,Nothing,Staff is very good,Q244_1
استبانة تجربة المتعامل _ 2025 - ميدان,Customer Experience Survey _ 2025 - Tablet,1,,1.0,,,1,7,3,3,4,4,5,3,4,4,5,4,4,4,4,2,4,4.0,4.0,4.0,4.0,4.0,4.0,4.0,3.0,3.0,4.0,4.0,2.0,4.0,4.0,4.0,5.0,5.0,9.0,,طريقه الدفع,تعامل الموظفين,Q244_1
استبانة تجربة المتعامل _ 2025 - ميدان,Customer Experience Survey _ 2025 - Tablet,1,,11.0,,,1,7,1,3,3,3,4,2,4,4,3,4,3,4,3,2,4,3.0,3.0,2.0,2.0,2.0,3.0,2.0,2.0,2.0,4.0,3.0,3.0,3.0,3.0,3.0,2.0,2.0,5.0,,عدم انهاء الخدمه,لاشي,Q244_11
استبانة تجربة المتعامل _ 2025 - ميدان,Customer Experience Survey _ 2025 - Tablet,1,,1.0,,,1,7,3,3,4,4,4,4,4,4,4,4,4,4,3,4,4,4.0,4.0,4.0,4.0,4.0,4.0,4.0,2.0,3.0,4.0,3.0,4.0,4.0,4.0,4.0,4.0,4.0,7.0,,غير متاح الدفع اون لاين,تعامل الموظفه,Q244_1
استبانة تجربة المتعامل _ 2025 - ميدان,Customer Experience Survey _ 2025 - Tablet,1,,11.0,,,1,5,1,1,3,3,4,4,4,4,4,4,4,4,4,4,4,4.0,4.0,4.0,4.0,4.0,4.0,4.0,3.0,4.0,4.0,4.0,4.0,4.0,4.0,4.0,4.0,4.0,9.0,,لاشي,تعامل الموظفين,Q244_11
استبانة تجربة المتعامل _ 2025 - ميدان,Customer Experience Survey _ 2025 - Tablet,1,,11.0,,,1,7,1,1,4,4,4,4,4,4,4,4,4,4,4,2,4,4.0,4.0,4.0,4.0,4.0,4.0,4.0,4.0,3.0,4.0,4.0,4.0,4.0,4.0,4.0,4.0,4.0,9.0,,التأخير,تعامل الموظف,Q244_11
استبانة تجربة المتعامل _ 2025 - ميدان,Customer Experience Survey _ 2025 - Tablet,1,,9.0,,,1,7,3,2,4,4,5,1,4,4,5,5,5,5,5,3,5,5.0,5.0,5.0,5.0,4.0,4.0,4.0,4.0,3.0,5.0,4.0,5.0,4.0,5.0,4.0,5.0,4.0,10.0,,التواصل مع خدمه العملاء غير سريع,تعامل الموظف,Q244_9
استبانة تجربة المتعامل _ 2025 - ميدان,Customer Experience Survey _ 2025 - Tablet,1,,11.0,,,1,5,1,1,5,5,5,5,5,5,5,5,5,5,5,5,5,5.0,5.0,5.0,5.0,5.0,5.0,5.0,5.0,5.0,5.0,5.0,5.0,5.0,5.0,5.0,5.0,5.0,10.0,,لاشي,سرعه الإنجاز وحسن التعامل,Q244_11
استبانة تجربة المتعامل _ 2025 - ميدان,Customer Experience Survey _ 2025 - Tablet,1,,2.0,,,1,7,4,3,2,2,4,4,4,4,4,4,4,4,4,4,4,4.0,4.0,4.0,4.0,4.0,3.0,5.0,3.0,4.0,4.0,4.0,4.0,4.0,4.0,4.0,4.0,4.0,9.0,,Nothing,Quick response,Q244_2
استبانة تجربة المتعامل _ 2025 - ميدان,Customer Experience Survey _ 2025 - Tablet,1,,9.0,,,1,5,1,1,5,5,5,5,5,5,5,5,5,5,5,5,5,5.0,5.0,5.0,5.0,5.0,2.0,5.0,5.0,5.0,5.0,5.0,5.0,5.0,5.0,5.0,5.0,5.0,10.0,,لايوجد,إستقبال  بصدر رحب,Q244_9
استبانة تجربة المتعامل _ 2025 - ميدان,Customer Experience Survey _ 2025 - Tablet,1,,11.0,,,1,7,3,3,4,4,4,2,5,4,5,5,5,5,2,3,5,5.0,4.0,4.0,3.0,4.0,2.0,4.0,3.0,4.0,4.0,1.0,2.0,3.0,3.0,2.0,5.0,3.0,8.0,,عدم توفر مواقف وصعوبة الدفع,تعامل الموظفه وسرعه الاستجابه,Q244_11
استبانة تجربة المتعامل _ 2025 - ميدان,Customer Experience Survey _ 2025 - Tablet,1,,3.0,,,1,7,4,3,3,3,4,3,4,3,4,4,4,4,3,3,4,4.0,4.0,4.0,4.0,3.0,3.0,4.0,2.0,3.0,3.0,2.0,3.0,3.0,3.0,3.0,4.0,4.0,9.0,,Nothings,Not many clients,Q244_3
استبانة تجربة المتعامل _ 2025 - ميدان,Customer Experience Survey _ 2025 - Tablet,1,,1.0,,,1,7,3,3,4,4,4,2,4,4,4,4,4,3,3,4,4,4.0,2.0,3.0,2.0,4.0,2.0,3.0,3.0,3.0,4.0,4.0,4.0,3.0,3.0,3.0,4.0,4.0,8.0,,تحويلي من موظف لآخر,عدم وجود زحمه,Q244_1
استبانة تجربة المتعامل _ 2025 - ميدان,Customer Experience Survey _ 2025 - Tablet,1,,2.0,,,1,5,1,3,3,3,4,2,4,4,4,3,4,4,4,4,4,4.0,4.0,4.0,4.0,4.0,2.0,4.0,4.0,4.0,4.0,4.0,4.0,4.0,4.0,3.0,4.0,4.0,8.0,,تعقيد إجراءات نقل المخلفات,تعامل الموظفه,Q244_2
استبانة تجربة المتعامل _ 2025 - ميدان,Customer Experience Survey _ 2025 - Tablet,1,,2.0,,,1,7,4,3,3,3,4,4,4,4,4,4,4,4,4,4,4,4.0,4.0,4.0,4.0,4.0,4.0,4.0,4.0,4.0,4.0,4.0,4.0,4.0,4.0,4.0,4.0,4.0,10.0,,_,Quick response,Q244_2
استبانة تجربة المتعامل _ 2025 - ميدان,Customer Experience Survey _ 2025 - Tablet,1,,8.0,,,1,5,4,3,3,3,4,4,4,5,4,4,4,4,4,4,4,4.0,4.0,4.0,4.0,4.0,2.0,4.0,4.0,4.0,4.0,4.0,4.0,4.0,4.0,4.0,4.0,4.0,10.0,,Nothings,I Finished my transaction early,Q244_8
استبانة تجربة المتعامل _ 2025 - ميدان,Customer Experience Survey _ 2025 - Tablet,1,,1.0,,,1,8,4,3,2,2,4,2,4,4,4,4,4,4,4,4,4,4.0,4.0,4.0,4.0,4.0,2.0,4.0,4.0,4.0,3.0,4.0,4.0,4.0,4.0,4.0,4.0,4.0,9.0,,Nothings,Staff very good,Q244_1
استبانة تجربة المتعامل _ 2025 - ميدان,Customer Experience Survey _ 2025 - Tablet,1,,2.0,,,1,7,1,3,4,4,4,2,4,4,4,4,4,4,4,4,4,4.0,4.0,4.0,4.0,4.0,2.0,4.0,4.0,4.0,4.0,2.0,4.0,4.0,4.0,3.0,4.0,4.0,8.0,,لا شي,تعاملالموظفه,Q244_2
استبانة تجربة المتعامل _ 2025 - ميدان,Customer Experience Survey _ 2025 - Tablet,1,,8.0,,,1,7,5,3,3,3,4,4,4,3,3,5,3,4,4,2,3,3.0,4.0,3.0,5.0,3.0,3.0,4.0,3.0,3.0,4.0,4.0,3.0,3.0,4.0,3.0,5.0,3.0,7.0,,_,_,Q244_8
استبانة تجربة المتعامل _ 2025 - ميدان,Customer Experience Survey _ 2025 - Tablet,1,,7.0,,,1,7,4,3,3,3,5,4,5,3,5,5,5,5,3,4,5,4.0,5.0,5.0,5.0,5.0,2.0,4.0,5.0,5.0,5.0,5.0,5.0,5.0,5.0,5.0,5.0,4.0,8.0,,No,Reception,Q244_7
استبانة تجربة المتعامل _ 2025 - ميدان,Customer Experience Survey _ 2025 - Tablet,1,,1.0,,,1,7,4,3,4,4,4,4,4,5,5,5,5,5,4,4,3,5.0,4.0,4.0,4.0,4.0,5.0,5.0,4.0,4.0,4.0,4.0,5.0,5.0,5.0,5.0,5.0,5.0,9.0,,Nothing much,Quick response in the counter,Q244_1
استبانة تجربة المتعامل _ 2025 - ميدان,Customer Experience Survey _ 2025 - Tablet,1,,2.0,,,1,7,3,3,3,3,3,1,5,3,5,5,5,5,3,4,5,5.0,5.0,5.0,5.0,5.0,5.0,5.0,5.0,5.0,5.0,4.0,5.0,3.0,2.0,3.0,5.0,4.0,9.0,,لا يوجد,سرعة إنجاز المعاملة وتعاون الموظفين,Q244_2
استبانة تجربة المتعامل _ 2025 - ميدان,Customer Experience Survey _ 2025 - Tablet,1,,8.0,,,1,5,4,3,5,5,5,4,5,3,5,5,5,5,4,4,4,4.0,4.0,4.0,5.0,5.0,4.0,5.0,5.0,5.0,4.0,5.0,4.0,5.0,3.0,4.0,5.0,5.0,8.0,,لا شيء,تعامل الموظفين,Q244_8
استبانة تجربة المتعامل _ 2025 - ميدان,Customer Experience Survey _ 2025 - Tablet,1,,11.0,,,1,7,4,3,2,5,4,5,5,2,4,4,5,5,3,3,5,5.0,4.0,5.0,5.0,5.0,5.0,4.0,5.0,3.0,5.0,3.0,2.0,4.0,4.0,3.0,4.0,3.0,8.0,,The token are not available sometimes and the customer has to wait a lot to receive the token in that case the work is also affected,Good service provided by the staff,Q244_11
استبانة تجربة المتعامل _ 2025 - ميدان,Customer Experience Survey _ 2025 - Tablet,1,,1.0,,,1,7,3,3,3,3,5,4,5,3,5,5,5,5,4,5,5,5.0,5.0,5.0,5.0,5.0,5.0,5.0,5.0,4.0,5.0,5.0,5.0,4.0,5.0,5.0,5.0,5.0,9.0,,لا يوجد,حسن تعامل الموظفين,Q244_1
استبانة تجربة المتعامل _ 2025 - ميدان,Customer Experience Survey _ 2025 - Tablet,1,,11.0,,,1,5,1,1,5,5,5,5,5,5,5,5,5,5,5,5,5,5.0,5.0,5.0,5.0,5.0,5.0,5.0,5.0,5.0,5.0,5.0,5.0,5.0,5.0,5.0,5.0,5.0,10.0,,لا,نعم  رحابة  صدر الموظفين,Q244_11
استبانة تجربة المتعامل _ 2025 - ميدان,Customer Experience Survey _ 2025 - Tablet,1,,11.0,,,1,7,3,3,3,3,5,5,5,3,5,5,5,5,3,5,5,5.0,5.0,5.0,5.0,5.0,5.0,5.0,5.0,5.0,5.0,4.0,5.0,5.0,5.0,5.0,5.0,5.0,10.0,,لا يوجد,الاستقبال,Q244_11
استبانة تجربة المتعامل _ 2025 - ميدان,Customer Experience Survey _ 2025 - Tablet,1,,1.0,,,1,7,1,3,3,4,5,4,5,4,5,5,5,5,5,5,5,5.0,5.0,5.0,5.0,4.0,4.0,5.0,5.0,5.0,5.0,4.0,5.0,4.0,3.0,4.0,5.0,5.0,10.0,,لا يوجد,الاستقبال وتعاون الموظفين,Q244_1
استبانة تجربة المتعامل _ 2025 - ميدان,Customer Experience Survey _ 2025 - Tablet,1,,11.0,,,1,5,4,3,3,5,4,4,5,4,5,5,5,5,4,5,5,5.0,5.0,5.0,5.0,5.0,5.0,5.0,5.0,5.0,5.0,3.0,5.0,5.0,5.0,5.0,5.0,5.0,9.0,,بشكل عام لا  بس الباركانات بعيدة,ترحيب الموظفين,Q244_11
استبانة تجربة المتعامل _ 2025 - ميدان,Customer Experience Survey _ 2025 - Tablet,1,,11.0,,,1,7,3,3,3,5,5,2,5,4,5,5,5,5,4,5,5,5.0,5.0,5.0,5.0,5.0,5.0,5.0,5.0,5.0,5.0,5.0,5.0,3.0,5.0,5.0,5.0,5.0,10.0,,لا يوجد,اهتمام الموظفين,Q244_11
استبانة تجربة المتعامل _ 2025 - ميدان,Customer Experience Survey _ 2025 - Tablet,1,,1.0,,,1,7,4,3,5,5,5,3,5,5,5,5,5,5,5,4,5,5.0,5.0,5.0,5.0,5.0,3.0,5.0,4.0,4.0,4.0,5.0,5.0,5.0,5.0,5.0,5.0,5.0,10.0,,PARKING,Customer service and friendly employees,Q244_1
استبانة تجربة المتعامل _ 2025 - ميدان,Customer Experience Survey _ 2025 - Tablet,1,,1.0,,,1,8,3,3,5,5,5,5,5,5,5,5,5,5,5,5,5,5.0,5.0,5.0,5.0,5.0,5.0,5.0,5.0,5.0,5.0,5.0,3.0,5.0,5.0,5.0,5.0,5.0,10.0,,افضل التقديم على المعاملة اونلاين او الدفع اونلاين,تعاون الموظفين وسرعة إنجاز المعاملة,Q244_1
استبانة تجربة المتعامل _ 2025 - ميدان,Customer Experience Survey _ 2025 - Tablet,1,,2.0,,,1,8,3,3,3,3,5,3,5,4,5,5,5,5,4,5,5,5.0,5.0,5.0,5.0,5.0,4.0,5.0,5.0,5.0,5.0,5.0,5.0,5.0,4.0,5.0,5.0,5.0,10.0,,لا,الإرشاد الصحيح من الاستقبال وتعاون الموظفين,Q244_2
استبانة تجربة المتعامل _ 2025 - ميدان,Customer Experience Survey _ 2025 - Tablet,1,,11.0,,,1,7,3,3,2,3,5,2,5,4,5,5,5,5,5,4,5,5.0,5.0,5.0,5.0,5.0,5.0,5.0,5.0,5.0,5.0,5.0,5.0,4.0,5.0,5.0,5.0,5.0,9.0,,موقف السيارات,معاملة الموظيفن,Q244_11
استبانة تجربة المتعامل _ 2025 - ميدان,Customer Experience Survey _ 2025 - Tablet,1,,11.0,,,1,8,4,3,5,5,5,5,5,4,4,1,5,5,5,3,5,5.0,5.0,5.0,5.0,5.0,4.0,4.0,4.0,3.0,4.0,4.0,3.0,4.0,4.0,4.0,4.0,4.0,8.0,,Nonee,Quick timing,Q244_11
استبانة تجربة المتعامل _ 2025 - ميدان,Customer Experience Survey _ 2025 - Tablet,1,,11.0,,,1,8,4,3,4,4,4,5,5,5,5,5,5,5,3,4,5,5.0,5.0,5.0,5.0,5.0,5.0,5.0,4.0,4.0,4.0,4.0,5.0,5.0,5.0,5.0,5.0,5.0,10.0,,No,Reception and employees,Q244_11
استبانة تجربة المتعامل _ 2025 - ميدان,Customer Experience Survey _ 2025 - Tablet,1,,6.0,,,1,7,3,3,3,3,2,1,5,5,5,5,5,5,3,5,5,5.0,5.0,5.0,5.0,4.0,5.0,5.0,5.0,5.0,5.0,4.0,5.0,5.0,5.0,5.0,5.0,5.0,6.0,,الباركينج,الموظيفن,Q244_6
استبانة تجربة المتعامل _ 2025 - ميدان,Customer Experience Survey _ 2025 - Tablet,1,,11.0,,,1,7,3,3,5,5,5,4,5,4,5,5,5,5,3,5,5,5.0,5.0,5.0,5.0,5.0,5.0,5.0,5.0,5.0,5.0,4.0,5.0,5.0,5.0,5.0,5.0,5.0,10.0,,لا يوجد,معاملة الموظيفن وسهولة إنجاز المعاملة,Q244_11
استبانة تجربة المتعامل _ 2025 - ميدان,Customer Experience Survey _ 2025 - Tablet,1,,11.0,,,1,7,3,3,4,4,5,2,5,5,5,5,5,5,4,5,5,5.0,5.0,5.0,5.0,5.0,5.0,5.0,5.0,5.0,5.0,5.0,5.0,5.0,5.0,5.0,5.0,5.0,8.0,,مواقف السيارات,سرعة الانجاز,Q244_11
استبانة تجربة المتعامل _ 2025 - ميدان,Customer Experience Survey _ 2025 - Tablet,1,,2.0,,,1,7,3,3,3,3,5,5,5,5,5,5,5,5,4,5,4,5.0,4.0,5.0,5.0,5.0,5.0,5.0,5.0,5.0,5.0,1.0,5.0,5.0,5.0,5.0,5.0,5.0,10.0,,لا,الاستقبال وإنجاز المعاملة,Q244_2
استبانة تجربة المتعامل _ 2025 - ميدان,Customer Experience Survey _ 2025 - Tablet,1,,9.0,,,1,8,4,3,3,3,5,2,5,5,5,5,5,5,4,5,5,5.0,4.0,4.0,5.0,5.0,5.0,5.0,4.0,5.0,3.0,4.0,5.0,5.0,5.0,5.0,5.0,5.0,9.0,,Parking,Employees are welcomed,Q244_9
استبانة تجربة المتعامل _ 2025 - ميدان,Customer Experience Survey _ 2025 - Tablet,1,,11.0,,,1,5,1,1,3,4,5,5,5,5,5,5,5,5,4,5,5,5.0,5.0,5.0,5.0,5.0,5.0,5.0,5.0,5.0,5.0,5.0,5.0,5.0,5.0,5.0,5.0,5.0,10.0,,لا,تعاون الموظفين,Q244_11
استبانة تجربة المتعامل _ 2025 - ميدان,Customer Experience Survey _ 2025 - Tablet,1,,8.0,,,1,7,4,3,3,3,5,4,5,5,5,5,5,5,5,5,5,5.0,4.0,4.0,4.0,5.0,4.0,4.0,5.0,5.0,5.0,5.0,5.0,5.0,5.0,4.0,5.0,5.0,10.0,,Nothing,Time,Q244_8
استبانة تجربة المتعامل _ 2025 - ميدان,Customer Experience Survey _ 2025 - Tablet,1,,11.0,,,1,8,3,3,3,4,5,3,5,5,5,5,5,5,5,5,5,5.0,5.0,5.0,5.0,5.0,5.0,5.0,5.0,5.0,5.0,5.0,5.0,5.0,5.0,5.0,5.0,5.0,10.0,,لا,الاستقبال,Q244_11
استبانة تجربة المتعامل _ 2025 - ميدان,Customer Experience Survey _ 2025 - Tablet,1,,8.0,,,1,7,4,3,3,3,5,5,5,2,5,5,5,5,3,5,5,5.0,5.0,5.0,5.0,3.0,5.0,5.0,5.0,4.0,5.0,5.0,1.0,5.0,4.0,3.0,4.0,4.0,8.0,,The payment option it would be better if the payment deposit machine was at the center,Good customer service,Q244_8
استبانة تجربة المتعامل _ 2025 - ميدان,Customer Experience Survey _ 2025 - Tablet,1,,1.0,,,1,7,4,3,3,5,5,5,5,4,5,5,5,5,5,4,5,5.0,5.0,5.0,5.0,5.0,5.0,5.0,5.0,5.0,4.0,5.0,5.0,5.0,5.0,5.0,5.0,5.0,10.0,,Nothing,As soon as my work is completed,Q244_1
استبانة تجربة المتعامل _ 2025 - ميدان,Customer Experience Survey _ 2025 - Tablet,1,,1.0,,,1,7,4,2,4,4,4,3,5,5,5,5,5,5,3,4,4,4.0,5.0,5.0,5.0,5.0,4.0,4.0,4.0,4.0,5.0,3.0,3.0,4.0,4.0,4.0,5.0,4.0,9.0,,Nothing,Welcoming,Q244_1
استبانة تجربة المتعامل _ 2025 - ميدان,Customer Experience Survey _ 2025 - Tablet,1,,2.0,,,1,7,4,3,5,5,5,5,5,5,5,5,5,5,5,5,5,5.0,5.0,5.0,5.0,5.0,5.0,5.0,5.0,5.0,5.0,5.0,5.0,5.0,5.0,5.0,5.0,5.0,10.0,,Nothing,Staff are very helpful,Q244_2
استبانة تجربة المتعامل _ 2025 - ميدان,Customer Experience Survey _ 2025 - Tablet,1,,11.0,,,1,5,1,1,5,3,5,2,5,5,5,5,5,5,5,5,5,5.0,5.0,5.0,5.0,5.0,5.0,5.0,5.0,5.0,5.0,4.0,5.0,4.0,4.0,5.0,5.0,5.0,10.0,,لا,اهتمام الموظفين وسرعة إنجاز المعاملة,Q244_11
استبانة تجربة المتعامل _ 2025 - ميدان,Customer Experience Survey _ 2025 - Tablet,1,,11.0,,,1,8,1,1,5,5,5,5,5,4,5,5,5,5,5,5,5,5.0,5.0,5.0,5.0,5.0,5.0,5.0,5.0,5.0,5.0,5.0,5.0,5.0,5.0,5.0,5.0,5.0,10.0,,لا يوجد,تعامل الموظفين,Q244_11
استبانة تجربة المتعامل _ 2025 - ميدان,Customer Experience Survey _ 2025 - Tablet,1,,11.0,,,1,7,3,3,3,5,5,5,5,5,5,5,5,5,5,5,5,5.0,5.0,5.0,5.0,5.0,5.0,5.0,5.0,5.0,5.0,5.0,5.0,4.0,5.0,5.0,5.0,5.0,10.0,,الضيافة لا يوجد ماء,إنجاز المعاملة,Q244_11
استبانة تجربة المتعامل _ 2025 - ميدان,Customer Experience Survey _ 2025 - Tablet,1,,2.0,,,1,8,4,3,3,3,5,5,5,5,5,5,5,5,5,5,5,5.0,5.0,5.0,5.0,5.0,5.0,5.0,5.0,5.0,5.0,5.0,5.0,5.0,5.0,5.0,5.0,5.0,10.0,,No,Everything,Q244_2
استبانة تجربة المتعامل _ 2025 - ميدان,Customer Experience Survey _ 2025 - Tablet,1,,7.0,,,1,8,4,3,4,3,3,2,4,3,3,4,4,4,3,3,5,4.0,3.0,3.0,3.0,4.0,4.0,4.0,4.0,4.0,3.0,3.0,4.0,4.0,4.0,4.0,5.0,5.0,10.0,,No,There is no specific thing,Q244_7
استبانة تجربة المتعامل _ 2025 - ميدان,Customer Experience Survey _ 2025 - Tablet,1,,11.0,,,2,8,1,1,3,4,5,1,5,5,5,5,5,5,5,5,5,5.0,5.0,5.0,5.0,5.0,5.0,5.0,5.0,5.0,5.0,5.0,5.0,3.0,3.0,5.0,5.0,5.0,10.0,,مواقف السيارات جدًا بعيدة وبدون مظلة,إنجاز المعاملة,Q244_11
استبانة تجربة المتعامل _ 2025 - ميدان,Customer Experience Survey _ 2025 - Tablet,1,,1.0,,,1,7,3,3,2,4,5,2,5,5,5,5,5,5,5,5,5,5.0,5.0,5.0,5.0,4.0,5.0,5.0,5.0,5.0,5.0,3.0,3.0,5.0,5.0,5.0,5.0,5.0,9.0,,لازم اتي الي المركز لمعرفة الأوراق المطلوبة,سرعة إنجاز المعاملة,Q244_1
استبانة تجربة المتعامل _ 2025 - ميدان,Customer Experience Survey _ 2025 - Tablet,1,,3.0,,,1,8,1,1,3,5,5,5,5,3,5,5,5,5,5,5,5,5.0,5.0,5.0,5.0,5.0,5.0,5.0,5.0,5.0,5.0,5.0,5.0,5.0,5.0,5.0,5.0,5.0,10.0,,لا,بشاشة الموظفين واهتمامهم,Q244_3
استبانة تجربة المتعامل _ 2025 - ميدان,Customer Experience Survey _ 2025 - Tablet,1,,11.0,,,1,5,1,1,5,5,5,5,5,5,5,5,5,5,5,5,5,5.0,5.0,5.0,5.0,5.0,5.0,5.0,5.0,5.0,5.0,2.0,5.0,3.0,3.0,5.0,5.0,5.0,10.0,,لا,بشاشة الموظفين وتعاونهم,Q244_11
استبانة تجربة المتعامل _ 2025 - ميدان,Customer Experience Survey _ 2025 - Tablet,1,,1.0,,,1,7,3,3,4,4,5,4,5,4,5,5,5,5,3,5,5,5.0,5.0,5.0,5.0,5.0,5.0,5.0,5.0,5.0,5.0,4.0,4.0,5.0,5.0,4.0,5.0,5.0,10.0,,لا,نشكر الموظيفن عن حسن التعامل,Q244_1
استبانة تجربة المتعامل _ 2025 - ميدان,Customer Experience Survey _ 2025 - Tablet,1,,3.0,,,1,7,3,3,3,3,5,5,5,5,5,5,5,5,5,5,5,5.0,5.0,5.0,5.0,5.0,5.0,5.0,5.0,5.0,5.0,5.0,5.0,5.0,5.0,4.0,5.0,5.0,9.0,,لا,الموظفين وإنجاز المعاملة,Q244_3
استبانة تجربة المتعامل _ 2025 - ميدان,Customer Experience Survey _ 2025 - Tablet,1,,8.0,,,1,8,4,3,3,4,5,5,5,5,5,5,5,5,5,5,5,5.0,5.0,5.0,5.0,5.0,5.0,5.0,5.0,5.0,5.0,4.0,5.0,5.0,5.0,5.0,5.0,5.0,9.0,,Waiting,Reception,Q244_8
استبانة تجربة المتعامل _ 2025 - ميدان,Customer Experience Survey _ 2025 - Tablet,1,,2.0,,,1,5,1,3,3,4,5,1,5,4,5,5,5,5,5,5,5,5.0,5.0,5.0,5.0,5.0,5.0,5.0,5.0,5.0,5.0,1.0,5.0,5.0,5.0,5.0,5.0,5.0,10.0,,لا,الموظفة اسلوبها جيد,Q244_2
استبانة تجربة المتعامل _ 2025 - ميدان,Customer Experience Survey _ 2025 - Tablet,1,,10.0,,,1,7,3,3,3,3,5,2,5,4,5,5,5,5,5,5,5,5.0,5.0,5.0,5.0,5.0,5.0,5.0,5.0,5.0,5.0,5.0,5.0,5.0,3.0,5.0,5.0,5.0,10.0,,موقف السيارات,الإنجاز وعدم الانتظار,Q244_10
استبانة تجربة المتعامل _ 2025 - ميدان,Customer Experience Survey _ 2025 - Tablet,1,,2.0,,,1,7,3,3,5,5,5,1,5,4,5,5,5,5,5,5,5,5.0,5.0,5.0,5.0,5.0,5.0,5.0,5.0,5.0,5.0,1.0,5.0,4.0,5.0,5.0,5.0,5.0,8.0,,الرسوم غالية,الإجراءات سريعة والموظف متجاوب,Q244_2
استبانة تجربة المتعامل _ 2025 - ميدان,Customer Experience Survey _ 2025 - Tablet,1,,7.0,,,2,7,1,1,3,3,5,2,5,5,5,5,5,5,4,5,5,5.0,5.0,5.0,5.0,5.0,5.0,5.0,5.0,5.0,5.0,3.0,3.0,5.0,5.0,5.0,5.0,5.0,10.0,,لا,اهتمام الموظفين وإنجاز المعاملة,Q244_7
استبانة تجربة المتعامل _ 2025 - ميدان,Customer Experience Survey _ 2025 - Tablet,1,,11.0,,,1,7,3,3,3,3,5,1,5,5,5,5,5,5,5,5,5,5.0,5.0,5.0,5.0,5.0,5.0,5.0,5.0,5.0,5.0,5.0,5.0,5.0,5.0,5.0,5.0,5.0,10.0,,لا,سرعة إنجاز المعاملة,Q244_11
استبانة تجربة المتعامل _ 2025 - ميدان,Customer Experience Survey _ 2025 - Tablet,1,,8.0,,,1,8,4,3,3,5,5,4,5,5,5,5,5,5,3,5,5,5.0,4.0,4.0,5.0,5.0,5.0,5.0,5.0,5.0,5.0,5.0,5.0,5.0,5.0,5.0,5.0,5.0,10.0,,Nothing,No waiting,Q244_8
استبانة تجربة المتعامل _ 2025 - ميدان,Customer Experience Survey _ 2025 - Tablet,1,,1.0,,,1,7,4,3,5,5,5,3,5,5,5,5,5,5,5,5,5,5.0,5.0,5.0,5.0,5.0,5.0,5.0,5.0,5.0,5.0,5.0,5.0,5.0,5.0,5.0,5.0,5.0,10.0,,Parking,Customer service was good and employees good behavior,Q244_1
استبانة تجربة المتعامل _ 2025 - ميدان,Customer Experience Survey _ 2025 - Tablet,1,,2.0,,,1,5,4,3,3,3,3,5,5,5,5,5,5,5,5,5,5,5.0,5.0,5.0,5.0,5.0,5.0,5.0,5.0,5.0,5.0,4.0,5.0,5.0,5.0,5.0,5.0,5.0,10.0,,Nothing,Staff,Q244_2
استبانة تجربة المتعامل _ 2025 - ميدان,Customer Experience Survey _ 2025 - Tablet,1,,11.0,,,1,5,1,1,5,5,5,5,5,5,1,5,5,5,5,5,5,5.0,5.0,5.0,5.0,5.0,5.0,5.0,5.0,5.0,5.0,2.0,5.0,5.0,5.0,5.0,5.0,5.0,10.0,,لا,الموظفين,Q244_11
استبانة تجربة المتعامل _ 2025 - ميدان,Customer Experience Survey _ 2025 - Tablet,1,,8.0,,,1,8,4,3,5,5,5,5,5,5,5,5,5,5,5,5,5,5.0,5.0,5.0,5.0,5.0,5.0,5.0,5.0,5.0,5.0,5.0,5.0,5.0,5.0,5.0,5.0,5.0,10.0,,Nothing,Employees are very helpful,Q244_8
استبانة تجربة المتعامل _ 2025 - ميدان,Customer Experience Survey _ 2025 - Tablet,1,,11.0,,,1,7,3,3,3,3,5,2,5,3,5,5,5,5,5,5,5,5.0,5.0,5.0,5.0,5.0,5.0,5.0,5.0,5.0,5.0,4.0,5.0,5.0,3.0,5.0,5.0,5.0,10.0,,لا يوجد,تعامل الموظفين,Q244_11
استبانة تجربة المتعامل _ 2025 - ميدان,Customer Experience Survey _ 2025 - Tablet,1,,11.0,,,1,7,1,2,3,3,5,1,5,5,3,3,5,5,5,5,5,5.0,5.0,5.0,5.0,5.0,5.0,5.0,5.0,5.0,5.0,4.0,3.0,5.0,5.0,5.0,5.0,5.0,8.0,,الاستقبال,إنجاز المعاملة,Q244_11
استبانة تجربة المتعامل _ 2025 - ميدان,Customer Experience Survey _ 2025 - Tablet,1,,11.0,,,1,7,1,1,5,5,5,5,5,5,5,5,5,5,5,5,5,5.0,5.0,5.0,5.0,5.0,5.0,5.0,5.0,5.0,5.0,5.0,5.0,3.0,3.0,5.0,5.0,5.0,10.0,,لا,الاستقبال والموظفين,Q244_11
استبانة تجربة المتعامل _ 2025 - ميدان,Customer Experience Survey _ 2025 - Tablet,1,,8.0,,,1,8,4,3,3,3,5,5,5,4,5,5,5,5,3,5,5,5.0,4.0,4.0,5.0,5.0,5.0,5.0,5.0,5.0,5.0,5.0,5.0,5.0,5.0,5.0,5.0,5.0,10.0,,Nothing,No waiting,Q244_8
استبانة تجربة المتعامل _ 2025 - ميدان,Customer Experience Survey _ 2025 - Tablet,1,,3.0,,,1,7,1,1,3,3,5,5,5,4,5,5,5,5,5,5,5,5.0,5.0,5.0,5.0,5.0,5.0,5.0,5.0,5.0,5.0,5.0,5.0,3.0,3.0,5.0,5.0,5.0,10.0,,لا يوجد,تعامل الموظفين,Q244_3
استبانة تجربة المتعامل _ 2025 - ميدان,Customer Experience Survey _ 2025 - Tablet,1,,3.0,,,1,7,3,3,3,3,5,2,5,5,5,5,5,5,5,5,5,5.0,5.0,5.0,5.0,5.0,5.0,5.0,5.0,5.0,5.0,3.0,5.0,4.0,5.0,5.0,5.0,5.0,9.0,,إجراءات استرجاع التأمين,تعامل الموظيفن,Q244_3
استبانة تجربة المتعامل _ 2025 - ميدان,Customer Experience Survey _ 2025 - Tablet,1,,10.0,,,1,7,1,1,5,5,5,3,5,5,4,5,5,5,5,5,5,4.0,4.0,4.0,4.0,4.0,4.0,4.0,4.0,4.0,4.0,5.0,4.0,4.0,5.0,4.0,4.0,4.0,9.0,,لا يوجد,التعامل والموظفين,Q244_10
استبانة تجربة المتعامل _ 2025 - ميدان,Customer Experience Survey _ 2025 - Tablet,1,,8.0,,,1,5,4,3,5,5,5,5,5,5,5,5,5,5,5,5,5,5.0,5.0,5.0,5.0,5.0,5.0,5.0,5.0,5.0,5.0,4.0,4.0,5.0,4.0,4.0,4.0,4.0,10.0,,Nothing annoying me,Everything is good,Q244_8
استبانة تجربة المتعامل _ 2025 - ميدان,Customer Experience Survey _ 2025 - Tablet,1,,11.0,,,1,8,4,3,5,5,5,5,5,5,5,5,5,5,5,5,5,5.0,5.0,5.0,5.0,5.0,5.0,5.0,5.0,5.0,5.0,5.0,5.0,5.0,5.0,5.0,5.0,5.0,10.0,,Nothing,All things,Q244_11
استبانة تجربة المتعامل _ 2025 - ميدان,Customer Experience Survey _ 2025 - Tablet,1,,7.0,,,1,8,3,3,5,4,4,4,4,4,4,5,5,4,4,4,5,5.0,4.0,4.0,4.0,4.0,4.0,4.0,4.0,4.0,4.0,4.0,4.0,5.0,4.0,4.0,5.0,5.0,10.0,,لا يوجد,الموظفين ممتازين,Q244_7
استبانة تجربة المتعامل _ 2025 - ميدان,Customer Experience Survey _ 2025 - Tablet,1,,7.0,,,1,8,4,3,5,5,5,5,5,5,5,5,5,5,5,5,5,4.0,4.0,4.0,4.0,4.0,5.0,4.0,5.0,5.0,5.0,5.0,4.0,5.0,5.0,5.0,5.0,5.0,10.0,,Nothing,Good service,Q244_7
استبانة تجربة المتعامل _ 2025 - ميدان,Customer Experience Survey _ 2025 - Tablet,1,,7.0,,,1,8,4,3,5,4,4,4,4,4,4,5,4,4,4,4,4,4.0,4.0,4.0,4.0,4.0,4.0,4.0,4.0,4.0,4.0,4.0,4.0,4.0,4.0,4.0,4.0,4.0,10.0,,,Customer services,Q244_7
استبانة تجربة المتعامل _ 2025 - ميدان,Customer Experience Survey _ 2025 - Tablet,1,,2.0,,,1,7,3,3,5,5,5,4,5,5,5,5,5,5,5,5,5,5.0,5.0,5.0,5.0,5.0,5.0,5.0,5.0,5.0,5.0,5.0,5.0,5.0,5.0,5.0,4.0,4.0,10.0,,لا يوجد,بشاشة الموظفين,Q244_2
استبانة تجربة المتعامل _ 2025 - ميدان,Customer Experience Survey _ 2025 - Tablet,1,,10.0,,,1,7,1,3,3,3,2,2,2,4,4,4,4,4,4,2,5,3.0,4.0,3.0,3.0,3.0,3.0,3.0,4.0,4.0,5.0,4.0,4.0,5.0,5.0,5.0,5.0,5.0,6.0,,مواقف السيارات يرجى التفضل بالعمل علي توفير سيارة جولف للتوصيل وان يكون ايضا  وجود موظفين ملمين بالمهام الوظيفية المختصة لكل عميل ووجود خيارين للعمل اونلاين و ورقي,فرص التقييم وواجهه الجهة الحكومية المشرفة,Q244_10
استبانة تجربة المتعامل _ 2025 - ميدان,Customer Experience Survey _ 2025 - Tablet,1,,2.0,,,1,5,4,3,5,4,4,4,4,4,4,4,4,4,4,4,4,5.0,5.0,5.0,5.0,5.0,5.0,4.0,4.0,4.0,4.0,4.0,4.0,4.0,4.0,4.0,4.0,4.0,10.0,,Nothing,Everything is good,Q244_2
استبانة تجربة المتعامل _ 2025 - ميدان,Customer Experience Survey _ 2025 - Tablet,1,,5.0,,,2,7,1,1,5,5,4,4,5,3,5,5,5,5,5,5,5,5.0,5.0,5.0,5.0,5.0,5.0,5.0,5.0,5.0,5.0,2.0,5.0,4.0,3.0,4.0,4.0,4.0,9.0,,اعادة النظر  علي الشكاوي بخصوص حويات النفايات والعمل علي التعامل مع الشكاوي بجدية,الموظفة نورة ابراهيم البلوشي وعائشه الاحمد,Q244_5
استبانة تجربة المتعامل _ 2025 - ميدان,Customer Experience Survey _ 2025 - Tablet,1,,3.0,,,1,7,1,1,5,5,5,5,5,5,5,5,5,5,5,5,5,5.0,5.0,3.0,3.0,4.0,3.0,4.0,5.0,5.0,5.0,2.0,4.0,5.0,5.0,5.0,5.0,5.0,10.0,,لا يوجد غير زيادة الرسوم بشكل مبالغ,كل شي ممتاز بالخدمة,Q244_3
استبانة تجربة المتعامل _ 2025 - ميدان,Customer Experience Survey _ 2025 - Tablet,1,,8.0,,,1,5,4,3,5,5,4,5,3,5,5,5,5,5,4,4,5,5.0,5.0,5.0,5.0,5.0,5.0,5.0,5.0,5.0,5.0,5.0,5.0,5.0,5.0,5.0,5.0,5.0,9.0,,Only parking,The service is so quick,Q244_8
استبانة تجربة المتعامل _ 2025 - ميدان,Customer Experience Survey _ 2025 - Tablet,1,,7.0,,,2,7,1,3,5,5,5,3,5,5,4,5,5,5,5,5,5,5.0,4.0,4.0,5.0,5.0,5.0,5.0,5.0,5.0,4.0,5.0,5.0,5.0,5.0,5.0,5.0,5.0,9.0,,مواقف السيارات مزدحمة رغم أنها منظمة,المعاملة الجيدة,Q244_7
استبانة تجربة المتعامل _ 2025 - ميدان,Customer Experience Survey _ 2025 - Tablet,1,,11.0,,,1,7,3,3,5,5,5,3,5,4,5,4,5,5,5,5,5,5.0,5.0,5.0,4.0,1.0,2.0,3.0,5.0,5.0,5.0,5.0,2.0,5.0,5.0,4.0,4.0,4.0,8.0,,الحضور اكثر من مرة لاتمام المعاملة ويرجى العمل علي إدخال المعاملة بشكل اونلاين وايضا الدفع,التعامل الجيد,Q244_11
استبانة تجربة المتعامل _ 2025 - ميدان,Customer Experience Survey _ 2025 - Tablet,1,,7.0,,,1,7,1,3,5,4,4,2,4,4,4,5,5,5,5,5,5,5.0,5.0,5.0,5.0,5.0,5.0,5.0,5.0,4.0,5.0,5.0,5.0,5.0,4.0,5.0,5.0,5.0,8.0,,لا يوجد,الاستقبال ممتاز,Q244_7
استبانة تجربة المتعامل _ 2025 - ميدان,Customer Experience Survey _ 2025 - Tablet,1,,7.0,,,1,7,1,3,5,5,4,3,4,3,4,5,4,5,5,5,5,5.0,5.0,5.0,5.0,5.0,5.0,5.0,5.0,5.0,5.0,5.0,5.0,5.0,5.0,5.0,5.0,5.0,9.0,,ازدحام مواقف السيارات,الموظفين متعاونين,Q244_7
استبانة تجربة المتعامل _ 2025 - ميدان,Customer Experience Survey _ 2025 - Tablet,1,,7.0,,,1,5,3,3,5,5,5,3,4,5,4,5,5,5,5,5,5,5.0,5.0,5.0,5.0,5.0,5.0,5.0,4.0,5.0,5.0,4.0,5.0,5.0,5.0,5.0,5.0,5.0,10.0,,مواقف السيارات مزدحمة,التنظيم والنظافة,Q244_7
استبانة تجربة المتعامل _ 2025 - ميدان,Customer Experience Survey _ 2025 - Tablet,1,,9.0,,,1,5,4,3,5,5,5,5,5,5,5,5,5,5,5,5,5,5.0,5.0,5.0,5.0,5.0,5.0,5.0,5.0,5.0,5.0,5.0,5.0,5.0,5.0,5.0,5.0,5.0,10.0,,Nothing,Everything is good,Q244_9
استبانة تجربة المتعامل _ 2025 - ميدان,Customer Experience Survey _ 2025 - Tablet,1,,8.0,,,1,5,4,3,5,5,5,4,5,5,5,5,5,4,5,5,4,4.0,5.0,5.0,5.0,5.0,5.0,5.0,5.0,5.0,5.0,5.0,5.0,5.0,5.0,5.0,5.0,5.0,10.0,,Nothing,Good reception,Q244_8
استبانة تجربة المتعامل _ 2025 - ميدان,Customer Experience Survey _ 2025 - Tablet,1,,1.0,,,1,7,4,2,4,4,3,3,5,5,5,5,5,5,3,4,5,5.0,5.0,5.0,5.0,5.0,4.0,4.0,4.0,4.0,5.0,3.0,4.0,4.0,5.0,5.0,5.0,4.0,9.0,,No any annoying thing found,Customer counter staff are really supportive,Q244_1
استبانة تجربة المتعامل _ 2025 - ميدان,Customer Experience Survey _ 2025 - Tablet,1,,1.0,,,1,7,4,3,4,4,5,4,5,4,5,5,5,5,1,5,5,5.0,5.0,5.0,5.0,5.0,5.0,5.0,5.0,5.0,5.0,5.0,5.0,5.0,5.0,5.0,5.0,5.0,10.0,,Not any,Noc request Submission process is seamless,Q244_1
استبانة تجربة المتعامل _ 2025 - ميدان,Customer Experience Survey _ 2025 - Tablet,1,,11.0,,,1,5,4,3,5,5,5,5,5,5,5,5,5,5,5,5,5,4.0,4.0,5.0,5.0,5.0,5.0,5.0,5.0,5.0,5.0,5.0,5.0,5.0,5.0,5.0,5.0,5.0,10.0,,Nothing,Everything is perfect,Q244_11
استبانة تجربة المتعامل _ 2025 - ميدان,Customer Experience Survey _ 2025 - Tablet,1,,1.0,,,1,7,1,1,5,5,5,2,5,5,4,5,5,5,3,5,5,5.0,4.0,5.0,4.0,4.0,4.0,4.0,4.0,2.0,5.0,3.0,5.0,5.0,3.0,5.0,5.0,5.0,9.0,,الحضور اكثر من مرة لعدم التواصل من خلال التليفون او الرسائل او البريد من قبل خدمة العملاء للعمل علي انجاز المعاملة من اول مرة,تعاون الموظفين وخاصة الأستاذة ميسون,Q244_1
استبانة تجربة المتعامل _ 2025 - ميدان,Customer Experience Survey _ 2025 - Tablet,1,,8.0,,,1,5,4,3,5,5,5,3,5,5,5,5,5,4,3,4,4,4.0,4.0,4.0,4.0,4.0,4.0,4.0,4.0,4.0,4.0,3.0,4.0,5.0,5.0,5.0,5.0,5.0,9.0,,Nothing,Receptionist is good,Q244_8
استبانة تجربة المتعامل _ 2025 - ميدان,Customer Experience Survey _ 2025 - Tablet,1,,7.0,,,1,7,3,3,5,5,4,3,5,5,5,5,5,5,4,4,4,4.0,5.0,5.0,4.0,4.0,4.0,4.0,5.0,5.0,5.0,4.0,4.0,5.0,4.0,4.0,4.0,4.0,9.0,,لا شي,المكان راقي والموظفين متعاونين,Q244_7
استبانة تجربة المتعامل _ 2025 - ميدان,Customer Experience Survey _ 2025 - Tablet,1,,1.0,,,1,7,1,1,5,4,4,3,4,4,4,4,5,5,5,5,5,5.0,5.0,5.0,5.0,5.0,5.0,5.0,5.0,5.0,5.0,5.0,5.0,5.0,5.0,5.0,5.0,5.0,10.0,,لا يوجد,الموظفين وخاصة الأستاذة مريم,Q244_1
استبانة تجربة المتعامل _ 2025 - ميدان,Customer Experience Survey _ 2025 - Tablet,1,,7.0,,,1,7,3,3,5,4,4,3,5,4,5,4,5,5,4,5,5,5.0,4.0,4.0,4.0,4.0,4.0,4.0,4.0,5.0,5.0,3.0,4.0,5.0,4.0,4.0,4.0,4.0,10.0,,لا يوجد,المكان راقي ونظيف,Q244_7
استبانة تجربة المتعامل _ 2025 - ميدان,Customer Experience Survey _ 2025 - Tablet,1,,10.0,,,1,7,1,1,5,5,4,3,4,5,4,4,5,5,4,5,5,5.0,5.0,4.0,4.0,4.0,4.0,4.0,5.0,4.0,5.0,4.0,5.0,5.0,5.0,5.0,5.0,5.0,9.0,,لا يوجد,التعامل,Q244_10
استبانة تجربة المتعامل _ 2025 - ميدان,Customer Experience Survey _ 2025 - Tablet,1,,11.0,,,1,5,4,1,5,5,5,5,5,5,5,5,5,5,5,4,4,5.0,5.0,5.0,5.0,5.0,5.0,5.0,5.0,5.0,5.0,5.0,5.0,5.0,5.0,5.0,5.0,5.0,10.0,,NONE,The service is Very fast,Q244_11
استبانة تجربة المتعامل _ 2025 - ميدان,Customer Experience Survey _ 2025 - Tablet,1,,11.0,,,1,7,3,1,5,5,5,2,5,5,5,5,5,5,5,5,5,5.0,5.0,5.0,5.0,4.0,4.0,4.0,4.0,4.0,4.0,5.0,5.0,5.0,5.0,5.0,5.0,5.0,10.0,,لا يوجد,السرعة واستقبال الموظفين,Q244_11
استبانة تجربة المتعامل _ 2025 - ميدان,Customer Experience Survey _ 2025 - Tablet,1,,2.0,,,1,7,1,1,3,3,4,4,4,3,4,4,4,4,4,4,4,4.0,4.0,4.0,4.0,4.0,4.0,3.0,3.0,2.0,5.0,4.0,4.0,5.0,3.0,4.0,2.0,2.0,7.0,,البطى في الإجراءات وعدم التجاوب لاتمام مهمة ازاله مخلفات حول المبنى وذلك لمدة طويلة وتكرار زيارتي للمكان لمحاولة انجاز المعاملة,المكان نظيف ومرتب,Q244_2
استبانة تجربة المتعامل _ 2025 - ميدان,Customer Experience Survey _ 2025 - Tablet,1,,11.0,,,1,7,1,1,4,5,5,3,4,4,3,4,4,4,4,4,4,4.0,4.0,4.0,4.0,5.0,4.0,4.0,4.0,4.0,5.0,2.0,4.0,5.0,5.0,5.0,5.0,5.0,8.0,,زيادة مبالغة في الرسوم,تعاون الموظفين وخاصة الأستاذة عائشة محمد الاحمد,Q244_11
استبانة تجربة المتعامل _ 2025 - ميدان,Customer Experience Survey _ 2025 - Tablet,1,,2.0,,,1,5,4,3,5,5,5,5,5,5,5,5,5,5,5,5,5,4.0,5.0,4.0,4.0,4.0,4.0,4.0,4.0,4.0,4.0,4.0,4.0,4.0,4.0,4.0,4.0,4.0,10.0,,,Good service,Q244_2
استبانة تجربة المتعامل _ 2025 - ميدان,Customer Experience Survey _ 2025 - Tablet,1,,7.0,,,1,7,3,3,5,5,5,3,5,5,5,5,5,5,5,5,5,4.0,5.0,5.0,5.0,5.0,3.0,4.0,4.0,4.0,5.0,5.0,5.0,5.0,5.0,5.0,5.0,5.0,9.0,,مواقف السيارات,بساطة العمل وتعاون الموظفين,Q244_7
استبانة تجربة المتعامل _ 2025 - ميدان,Customer Experience Survey _ 2025 - Tablet,1,,2.0,,,1,7,3,3,5,5,5,4,4,4,5,4,5,5,5,5,5,5.0,5.0,5.0,5.0,5.0,5.0,5.0,5.0,5.0,5.0,5.0,5.0,5.0,5.0,5.0,5.0,5.0,10.0,,لا يوجد,كل شي بالمكان رائع,Q244_2
استبانة تجربة المتعامل _ 2025 - ميدان,Customer Experience Survey _ 2025 - Tablet,1,,11.0,,,1,7,1,1,4,4,4,4,4,5,4,4,4,4,4,4,4,4.0,4.0,3.0,3.0,3.0,4.0,3.0,3.0,3.0,5.0,5.0,5.0,5.0,5.0,5.0,5.0,5.0,8.0,,بطى الإجراءات,المكان مريح ونظيف,Q244_11
استبانة تجربة المتعامل _ 2025 - ميدان,Customer Experience Survey _ 2025 - Tablet,1,,9.0,,,1,7,3,3,5,5,5,4,5,5,5,5,5,5,5,5,5,5.0,5.0,5.0,5.0,5.0,5.0,5.0,5.0,4.0,5.0,5.0,5.0,5.0,5.0,5.0,5.0,5.0,10.0,,لا يوجد,سهولة الاجراءات,Q244_9
استبانة تجربة المتعامل _ 2025 - ميدان,Customer Experience Survey _ 2025 - Tablet,1,,11.0,,,1,7,3,3,4,4,4,4,4,4,4,5,5,5,5,4,5,5.0,5.0,5.0,5.0,5.0,5.0,5.0,5.0,5.0,5.0,5.0,5.0,5.0,5.0,5.0,5.0,5.0,10.0,,لايوجد,الترتيب,Q244_11
استبانة تجربة المتعامل _ 2025 - ميدان,Customer Experience Survey _ 2025 - Tablet,1,,10.0,,,1,5,4,3,5,5,5,5,5,5,5,5,5,5,5,5,5,5.0,5.0,5.0,5.0,5.0,5.0,5.0,4.0,5.0,5.0,5.0,5.0,5.0,5.0,5.0,5.0,5.0,10.0,,,Everything is perfect,Q244_10
استبانة تجربة المتعامل _ 2025 - ميدان,Customer Experience Survey _ 2025 - Tablet,1,,11.0,,,1,7,3,3,5,5,5,3,4,4,5,5,5,5,5,5,5,5.0,5.0,5.0,5.0,5.0,5.0,5.0,5.0,5.0,5.0,5.0,5.0,5.0,5.0,5.0,5.0,5.0,9.0,,عدم وجود خدمة عن طريق الاون لاين وعليه افضل  الخدمة الاون لاين عن الحضور  الشخصي نظرا لاني قادم من إمارة الشارقه,التعامل الراقي,Q244_11
استبانة تجربة المتعامل _ 2025 - ميدان,Customer Experience Survey _ 2025 - Tablet,1,,7.0,,,1,5,4,3,5,5,5,5,5,5,5,5,5,5,5,5,5,4.0,4.0,4.0,4.0,4.0,4.0,4.0,4.0,4.0,4.0,5.0,4.0,4.0,4.0,4.0,4.0,4.0,10.0,,Nothing,Everything here is good specially customer services,Q244_7
استبانة تجربة المتعامل _ 2025 - ميدان,Customer Experience Survey _ 2025 - Tablet,1,,10.0,,,1,7,1,1,4,5,5,5,5,5,5,5,5,5,5,5,5,5.0,5.0,4.0,5.0,5.0,5.0,5.0,5.0,5.0,5.0,5.0,5.0,5.0,5.0,5.0,5.0,5.0,10.0,,لايوجد,اول مرة أزور المكان والخدمة جيدة,Q244_10
استبانة تجربة المتعامل _ 2025 - ميدان,Customer Experience Survey _ 2025 - Tablet,1,,1.0,,,1,7,3,3,5,5,5,5,5,5,5,5,5,5,5,5,5,5.0,5.0,4.0,5.0,5.0,5.0,5.0,5.0,5.0,5.0,5.0,5.0,5.0,5.0,5.0,5.0,5.0,10.0,,لا يوجد,سرعة الخدمة,Q244_1
استبانة تجربة المتعامل _ 2025 - ميدان,Customer Experience Survey _ 2025 - Tablet,1,,2.0,,,1,5,4,3,5,5,5,4,5,4,5,5,5,5,5,5,5,5.0,5.0,5.0,5.0,5.0,5.0,5.0,5.0,5.0,5.0,5.0,5.0,5.0,5.0,5.0,5.0,5.0,10.0,,Nothing,The Service is excellent,Q244_2
استبانة تجربة المتعامل _ 2025 - ميدان,Customer Experience Survey _ 2025 - Tablet,1,,11.0,,,1,8,1,1,5,5,4,4,5,5,5,5,5,5,5,5,4,5.0,5.0,5.0,5.0,5.0,4.0,4.0,4.0,4.0,4.0,4.0,4.0,4.0,5.0,4.0,4.0,4.0,9.0,,لايوجد,تعاون الموظفين,Q244_11
استبانة تجربة المتعامل _ 2025 - ميدان,Customer Experience Survey _ 2025 - Tablet,1,,8.0,,,1,8,4,3,5,5,5,5,5,5,5,5,5,5,5,5,5,5.0,5.0,5.0,5.0,5.0,5.0,5.0,5.0,5.0,5.0,5.0,5.0,5.0,5.0,5.0,5.0,5.0,10.0,,Nothing bad,The service is good,Q244_8
استبانة تجربة المتعامل _ 2025 - ميدان,Customer Experience Survey _ 2025 - Tablet,1,,2.0,,,1,7,3,2,4,4,5,3,3,4,4,4,4,4,4,5,5,5.0,5.0,5.0,5.0,3.0,3.0,3.0,4.0,3.0,4.0,4.0,5.0,5.0,5.0,4.0,3.0,3.0,7.0,,المعاملات بطيئة وتظل علي النظام لأكثر من شهرين وغير معروف السبب لعدم انجازها هل من النظام ام شي اخر,النظام والهدوء,Q244_2
استبانة تجربة المتعامل _ 2025 - ميدان,Customer Experience Survey _ 2025 - Tablet,1,,2.0,,,1,7,1,3,5,5,5,2,5,5,5,5,5,5,5,5,5,5.0,5.0,5.0,5.0,5.0,5.0,5.0,5.0,5.0,5.0,3.0,5.0,5.0,5.0,5.0,5.0,5.0,8.0,,زحمة مواقف السيارات,النظام,Q244_2
استبانة تجربة المتعامل _ 2025 - ميدان,Customer Experience Survey _ 2025 - Tablet,1,,8.0,,,1,5,4,3,4,4,4,1,4,4,4,4,5,5,4,4,4,4.0,4.0,4.0,4.0,4.0,4.0,4.0,4.0,4.0,4.0,2.0,4.0,4.0,4.0,4.0,5.0,4.0,8.0,,Parking  and expensive fees,Customer service,Q244_8
استبانة تجربة المتعامل _ 2025 - ميدان,Customer Experience Survey _ 2025 - Tablet,1,,8.0,,,1,7,1,1,4,4,4,2,4,4,4,4,4,4,4,4,5,4.0,5.0,4.0,3.0,4.0,4.0,4.0,4.0,4.0,4.0,4.0,5.0,4.0,4.0,4.0,4.0,4.0,8.0,,مواقف السيارات مزدحمة,الترتيب والسرعة,Q244_8
استبانة تجربة المتعامل _ 2025 - ميدان,Customer Experience Survey _ 2025 - Tablet,1,,8.0,,,1,5,4,3,4,4,4,4,4,4,4,5,4,4,4,4,4,4.0,4.0,4.0,4.0,4.0,4.0,4.0,4.0,4.0,4.0,4.0,4.0,4.0,4.0,4.0,4.0,4.0,10.0,,,Very happy with service,Q244_8
استبانة تجربة المتعامل _ 2025 - ميدان,Customer Experience Survey _ 2025 - Tablet,1,,10.0,,,1,7,1,3,5,5,5,5,5,4,4,4,4,4,4,4,4,4.0,4.0,4.0,4.0,4.0,4.0,4.0,4.0,4.0,4.0,4.0,4.0,4.0,4.0,4.0,4.0,4.0,9.0,,لا يوجد,التعامل الجيد,Q244_10
استبانة تجربة المتعامل _ 2025 - ميدان,Customer Experience Survey _ 2025 - Tablet,1,,10.0,,,1,7,1,1,5,5,5,3,4,4,4,4,5,3,4,4,4,4.0,4.0,4.0,4.0,4.0,4.0,4.0,5.0,4.0,4.0,4.0,4.0,5.0,5.0,5.0,5.0,5.0,10.0,,لا يوجد,النظام والترتيب الذي يتمتعبه جميع المؤسسات الحكومية,Q244_10
استبانة تجربة المتعامل _ 2025 - ميدان,Customer Experience Survey _ 2025 - Tablet,1,,8.0,,,1,5,4,3,5,4,4,4,4,4,4,4,4,4,4,4,5,5.0,4.0,4.0,4.0,4.0,4.0,4.0,4.0,4.0,4.0,4.0,5.0,4.0,4.0,5.0,4.0,4.0,10.0,,Nothing,Everything good,Q244_8
استبانة تجربة المتعامل _ 2025 - ميدان,Customer Experience Survey _ 2025 - Tablet,1,,7.0,,,1,7,4,3,5,5,5,3,5,5,5,5,5,5,5,5,5,5.0,5.0,5.0,5.0,5.0,5.0,5.0,5.0,5.0,5.0,5.0,5.0,5.0,5.0,5.0,5.0,5.0,9.0,,Only parking,Everything is fine,Q244_7
استبانة تجربة المتعامل _ 2025 - ميدان,Customer Experience Survey _ 2025 - Tablet,1,,11.0,,,1,7,4,3,5,5,5,5,5,4,5,5,5,5,5,5,5,5.0,5.0,5.0,5.0,5.0,5.0,5.0,5.0,5.0,5.0,5.0,5.0,5.0,5.0,5.0,5.0,5.0,10.0,,nothings,not only one many reasons as I confirmed above,Q244_11
استبانة تجربة المتعامل _ 2025 - ميدان,Customer Experience Survey _ 2025 - Tablet,1,,10.0,,,1,7,3,1,5,4,4,2,5,5,5,5,5,5,5,3,5,5.0,5.0,5.0,5.0,5.0,5.0,5.0,5.0,5.0,5.0,3.0,5.0,5.0,5.0,5.0,5.0,5.0,8.0,,مواقف السيارات,الخدمة ممتازة,Q244_10
استبانة تجربة المتعامل _ 2025 - ميدان,Customer Experience Survey _ 2025 - Tablet,1,,9.0,,,1,7,3,3,5,5,5,3,5,5,5,5,5,5,5,4,5,5.0,5.0,5.0,5.0,4.0,4.0,4.0,4.0,4.0,4.0,4.0,4.0,4.0,4.0,4.0,4.0,4.0,8.0,,يرجى الاهتمام بمواقف السيارات وايضا بالمعاملة الاون لاين نظرا لاني قادم من إمارة الشارقه,النظافة والمعاملة,Q244_9
استبانة تجربة المتعامل _ 2025 - ميدان,Customer Experience Survey _ 2025 - Tablet,1,,7.0,,,1,7,3,3,5,5,5,2,4,4,4,4,4,4,4,4,4,4.0,4.0,4.0,4.0,3.0,4.0,4.0,4.0,4.0,4.0,3.0,3.0,4.0,4.0,4.0,4.0,4.0,8.0,,إجراءات رخصة البناء وهي نظم البناء صعبه جدا يرجي النظر بها وايضا مواقف السيارات,النظافة والمعاملة,Q244_7
استبانة تجربة المتعامل _ 2025 - ميدان,Customer Experience Survey _ 2025 - Tablet,1,,10.0,,,1,7,3,1,5,5,5,3,4,4,4,4,4,4,4,4,4,5.0,4.0,4.0,4.0,4.0,4.0,4.0,4.0,4.0,5.0,3.0,3.0,4.0,4.0,4.0,4.0,4.0,9.0,,لدى ملاحظات الاولي صعوبة دفع الرسوم من خلال الاون لاين وعدم الرد علي التليفونات وان يكون هناك اعادة صياغة تطبيق خاص مطابق لراك باك للدفع الذكي,التعامل الراقي,Q244_10
استبانة تجربة المتعامل _ 2025 - ميدان,Customer Experience Survey _ 2025 - Tablet,1,,2.0,,,1,8,1,1,5,4,5,3,5,5,5,5,5,5,4,4,5,4.0,4.0,4.0,4.0,4.0,4.0,4.0,4.0,4.0,4.0,4.0,4.0,4.0,4.0,4.0,4.0,4.0,9.0,,مواقف السيارات,كل شي ممتاز,Q244_2
استبانة تجربة المتعامل _ 2025 - ميدان,Customer Experience Survey _ 2025 - Tablet,1,,3.0,,,1,7,3,1,4,4,4,4,4,4,4,5,4,4,4,4,4,4.0,4.0,4.0,4.0,4.0,4.0,4.0,3.0,4.0,5.0,4.0,4.0,4.0,4.0,4.0,4.0,4.0,8.0,,استرجاع التأمين ياخد وقت طويل يرجى التسريع في هذا الإجراء,المعاملة,Q244_3
استبانة تجربة المتعامل _ 2025 - ميدان,Customer Experience Survey _ 2025 - Tablet,1,,3.0,,,1,7,1,3,4,4,4,3,4,3,4,4,4,4,4,4,4,4.0,4.0,4.0,4.0,4.0,4.0,4.0,4.0,4.0,5.0,5.0,5.0,5.0,5.0,5.0,4.0,4.0,8.0,,مواقف السيارات واقترح وجود سيارة جولف تحضر لمتعامين من أماكن المواقف البعيدة وتوصلهم لمقر الدائرة,كل شي اسعدني في الخدمة والإجراءات والموظفين والمكان,Q244_3
استبانة تجربة المتعامل _ 2025 - ميدان,Customer Experience Survey _ 2025 - Tablet,1,,1.0,,,1,7,3,1,5,5,5,5,5,5,5,5,5,5,5,5,5,5.0,5.0,5.0,5.0,5.0,5.0,5.0,5.0,5.0,5.0,4.0,4.0,4.0,4.0,4.0,4.0,4.0,10.0,,يرجى العمل إضافة نظام sap  لشهادة عدم الممانعه وذلك لتسهيل الاجراءات,مقابله الموظفين بابتسامة,Q244_1
استبانة تجربة المتعامل _ 2025 - ميدان,Customer Experience Survey _ 2025 - Tablet,1,,2.0,,,1,5,1,1,5,5,5,3,2,4,5,5,4,5,4,5,5,5.0,5.0,5.0,5.0,5.0,4.0,4.0,4.0,4.0,5.0,3.0,4.0,4.0,4.0,5.0,4.0,4.0,8.0,,لا شي,تعاون الموظفين,Q244_2
استبانة تجربة المتعامل _ 2025 - ميدان,Customer Experience Survey _ 2025 - Tablet,1,,2.0,,,1,7,3,3,4,4,4,4,5,5,4,4,4,4,4,4,4,4.0,4.0,4.0,3.0,4.0,4.0,5.0,5.0,5.0,5.0,4.0,5.0,5.0,5.0,5.0,5.0,4.0,8.0,,المماطلة,التعامل,Q244_2
استبانة تجربة المتعامل _ 2025 - ميدان,Customer Experience Survey _ 2025 - Tablet,1,,10.0,,,1,8,1,1,4,4,4,4,4,4,4,4,4,4,4,4,4,4.0,4.0,4.0,4.0,4.0,4.0,4.0,4.0,4.0,4.0,4.0,4.0,4.0,5.0,5.0,5.0,5.0,10.0,,لا يوجد,كل شي ممتاز,Q244_10
استبانة تجربة المتعامل _ 2025 - ميدان,Customer Experience Survey _ 2025 - Tablet,1,,11.0,,,1,7,4,3,3,3,4,2,4,4,4,4,4,4,4,4,4,4.0,4.0,4.0,4.0,4.0,4.0,4.0,4.0,4.0,4.0,3.0,5.0,4.0,4.0,4.0,4.0,4.0,8.0,,.,.,Q244_11
استبانة تجربة المتعامل _ 2025 - ميدان,Customer Experience Survey _ 2025 - Tablet,1,,11.0,,,1,7,1,1,1,1,1,1,2,1,1,2,1,1,1,1,1,4.0,1.0,1.0,2.0,1.0,3.0,3.0,1.0,1.0,4.0,1.0,1.0,1.0,1.0,1.0,1.0,1.0,0.0,,لايوجد تواصل عن طريق الاتصال. يجب تفعيل الاون لاين وخدمه الكول سنتر,.,Q244_11
استبانة تجربة المتعامل _ 2025 - ميدان,Customer Experience Survey _ 2025 - Tablet,1,,5.0,,,1,7,4,3,4,3,4,4,4,3,4,4,5,5,4,4,4,4.0,4.0,4.0,4.0,4.0,3.0,4.0,4.0,4.0,4.0,4.0,4.0,4.0,4.0,4.0,4.0,4.0,7.0,,.,.,Q244_5
استبانة تجربة المتعامل _ 2025 - ميدان,Customer Experience Survey _ 2025 - Tablet,1,,5.0,,,1,8,4,3,4,4,4,4,4,4,4,4,4,5,4,4,4,4.0,4.0,5.0,4.0,4.0,4.0,4.0,4.0,4.0,4.0,4.0,4.0,4.0,4.0,4.0,4.0,4.0,10.0,,Na,Happy with the service,Q244_5
استبانة تجربة المتعامل _ 2025 - ميدان,Customer Experience Survey _ 2025 - Tablet,1,,5.0,,,1,5,4,3,3,4,4,2,3,4,4,5,5,4,5,5,5,4.0,5.0,4.0,4.0,5.0,5.0,5.0,5.0,5.0,5.0,5.0,5.0,4.0,4.0,4.0,5.0,5.0,10.0,,.,.,Q244_5
استبانة تجربة المتعامل _ 2025 - ميدان,Customer Experience Survey _ 2025 - Tablet,1,,1.0,,,1,5,4,3,3,3,4,2,2,2,4,4,4,4,4,5,4,4.0,4.0,4.0,4.0,4.0,4.0,4.0,4.0,4.0,4.0,3.0,4.0,4.0,5.0,3.0,4.0,4.0,9.0,,.,.,Q244_1
استبانة تجربة المتعامل _ 2025 - ميدان,Customer Experience Survey _ 2025 - Tablet,1,,3.0,,,1,5,3,3,3,3,5,2,4,3,4,5,5,5,5,5,5,4.0,3.0,4.0,4.0,4.0,4.0,4.0,4.0,4.0,4.0,4.0,4.0,4.0,4.0,4.0,5.0,5.0,10.0,,.,تعامل الموظفات,Q244_3
استبانة تجربة المتعامل _ 2025 - ميدان,Customer Experience Survey _ 2025 - Tablet,1,,1.0,,,1,5,1,1,4,3,4,1,4,3,4,4,4,4,4,4,4,4.0,3.0,4.0,4.0,4.0,4.0,4.0,4.0,4.0,4.0,4.0,5.0,4.0,4.0,3.0,4.0,4.0,10.0,,الباركنات جدا مزدحمه,التعامل والانجاز,Q244_1
استبانة تجربة المتعامل _ 2025 - ميدان,Customer Experience Survey _ 2025 - Tablet,1,,11.0,,,2,5,1,1,3,3,4,1,4,3,4,4,4,4,4,4,4,4.0,5.0,5.0,5.0,5.0,5.0,5.0,5.0,5.0,5.0,2.0,5.0,4.0,4.0,4.0,4.0,4.0,10.0,,الرسوم عاليه يرجى النظر فيها ، الباركات زحمه,تعامل الموظفيين,Q244_11
استبانة تجربة المتعامل _ 2025 - ميدان,Customer Experience Survey _ 2025 - Tablet,1,,11.0,,,1,7,3,3,3,4,4,1,4,3,5,5,5,5,5,5,4,5.0,5.0,5.0,5.0,5.0,5.0,5.0,5.0,4.0,5.0,4.0,5.0,5.0,5.0,5.0,5.0,5.0,10.0,,الباركنات جدا مزدحمه,.,Q244_11
استبانة تجربة المتعامل _ 2025 - ميدان,Customer Experience Survey _ 2025 - Tablet,1,,3.0,,,1,7,4,3,4,4,3,4,5,4,4,3,4,5,2,3,4,4.0,4.0,4.0,4.0,3.0,4.0,3.0,3.0,3.0,4.0,4.0,5.0,3.0,2.0,3.0,3.0,4.0,6.0,,"Service request time is too delay,try to improve the complete the transaction Soon",Service channels are easy to access,Q244_3
استبانة تجربة المتعامل _ 2025 - ميدان,Customer Experience Survey _ 2025 - Tablet,1,,10.0,,,1,7,4,3,5,5,5,5,5,5,5,5,5,5,5,5,5,5.0,5.0,5.0,5.0,5.0,5.0,5.0,5.0,5.0,5.0,5.0,5.0,5.0,5.0,5.0,5.0,5.0,10.0,,No,No,Q244_10
استبانة تجربة المتعامل _ 2025 - ميدان,Customer Experience Survey _ 2025 - Tablet,1,,11.0,,,1,7,4,3,3,3,4,2,3,3,4,5,5,4,4,3,3,4.0,3.0,3.0,2.0,4.0,3.0,4.0,4.0,3.0,4.0,4.0,3.0,3.0,3.0,2.0,4.0,3.0,7.0,,Waiting time ti a ail service,Neutral,Q244_11
استبانة تجربة المتعامل _ 2025 - ميدان,Customer Experience Survey _ 2025 - Tablet,1,,2.0,,,1,5,4,3,3,3,4,1,3,3,5,3,3,4,3,3,3,3.0,3.0,3.0,3.0,3.0,3.0,3.0,3.0,3.0,3.0,3.0,3.0,3.0,3.0,3.0,5.0,4.0,8.0,,Barking,.,Q244_2
استبانة تجربة المتعامل _ 2025 - ميدان,Customer Experience Survey _ 2025 - Tablet,1,,3.0,,,1,5,4,3,3,3,4,2,4,4,4,5,5,5,5,5,5,4.0,4.0,4.0,4.0,4.0,4.0,4.0,5.0,5.0,5.0,5.0,5.0,5.0,5.0,5.0,5.0,5.0,9.0,,",",.,Q244_3
استبانة تجربة المتعامل _ 2025 - ميدان,Customer Experience Survey _ 2025 - Tablet,1,,2.0,,,1,7,4,3,4,4,4,4,4,4,4,4,4,4,4,4,4,4.0,4.0,4.0,4.0,4.0,4.0,4.0,4.0,4.0,4.0,4.0,4.0,4.0,3.0,4.0,5.0,4.0,8.0,,No,They speaking to me like friends,Q244_2
استبانة تجربة المتعامل _ 2025 - ميدان,Customer Experience Survey _ 2025 - Tablet,1,,2.0,,,1,5,4,3,4,4,4,4,4,4,3,4,5,5,4,4,4,4.0,5.0,4.0,4.0,5.0,4.0,4.0,4.0,4.0,5.0,4.0,4.0,4.0,4.0,4.0,4.0,4.0,7.0,,.,.,Q244_2
استبانة تجربة المتعامل _ 2025 - ميدان,Customer Experience Survey _ 2025 - Tablet,1,,11.0,,,1,5,5,3,4,4,4,4,4,4,4,4,4,4,4,4,4,4.0,4.0,5.0,4.0,4.0,4.0,4.0,4.0,4.0,4.0,4.0,4.0,4.0,4.0,4.0,4.0,4.0,10.0,,،,تعامل الموظفين,Q244_11
استبانة تجربة المتعامل _ 2025 - ميدان,Customer Experience Survey _ 2025 - Tablet,1,,2.0,,,1,7,4,3,4,4,4,4,3,4,4,3,4,4,4,3,4,5.0,4.0,4.0,4.0,4.0,4.0,4.0,4.0,4.0,4.0,4.0,4.0,4.0,4.0,4.0,4.0,4.0,10.0,,.,.,Q244_2
استبانة تجربة المتعامل _ 2025 - ميدان,Customer Experience Survey _ 2025 - Tablet,1,,11.0,,,1,5,4,3,4,4,4,5,4,4,4,4,4,4,4,4,5,4.0,4.0,4.0,5.0,4.0,3.0,4.0,4.0,4.0,4.0,4.0,4.0,4.0,4.0,4.0,4.0,4.0,9.0,,.,.,Q244_11
استبانة تجربة المتعامل _ 2025 - ميدان,Customer Experience Survey _ 2025 - Tablet,1,,11.0,,,1,7,4,3,4,4,4,3,4,4,5,5,5,5,4,3,4,4.0,4.0,4.0,4.0,4.0,4.0,4.0,4.0,4.0,5.0,4.0,4.0,4.0,4.0,4.0,4.0,3.0,8.0,,Parking,Convienience,Q244_11
استبانة تجربة المتعامل _ 2025 - ميدان,Customer Experience Survey _ 2025 - Tablet,1,,11.0,,,1,8,4,3,4,4,4,3,4,4,4,4,4,4,4,4,4,4.0,4.0,4.0,4.0,4.0,4.0,4.0,4.0,4.0,4.0,4.0,4.0,4.0,4.0,4.0,4.0,4.0,8.0,,.,.,Q244_11
استبانة تجربة المتعامل _ 2025 - ميدان,Customer Experience Survey _ 2025 - Tablet,1,,2.0,,,1,7,3,3,3,4,4,4,4,4,4,4,4,4,4,4,4,4.0,4.0,4.0,4.0,5.0,4.0,4.0,4.0,4.0,5.0,4.0,5.0,4.0,4.0,4.0,5.0,5.0,10.0,,.,تعاملهم طيب,Q244_2
استبانة تجربة المتعامل _ 2025 - ميدان,Customer Experience Survey _ 2025 - Tablet,1,,11.0,,,1,7,3,3,3,3,4,4,4,3,4,4,5,4,4,4,4,4.0,4.0,4.0,4.0,3.0,4.0,4.0,4.0,4.0,4.0,4.0,4.0,4.0,4.0,5.0,5.0,5.0,9.0,,.,التعامل جيد جدا,Q244_11
استبانة تجربة المتعامل _ 2025 - ميدان,Customer Experience Survey _ 2025 - Tablet,1,,2.0,,,1,7,3,3,3,1,4,4,4,4,3,3,5,5,4,4,4,4.0,4.0,5.0,4.0,4.0,5.0,4.0,4.0,3.0,4.0,4.0,5.0,4.0,3.0,4.0,4.0,3.0,7.0,,تأخير المعاملات,تعامل الموظفين,Q244_2
استبانة تجربة المتعامل _ 2025 - ميدان,Customer Experience Survey _ 2025 - Tablet,1,,2.0,,,1,5,4,3,3,2,4,1,4,2,4,5,5,5,5,5,5,4.0,4.0,4.0,4.0,4.0,4.0,4.0,4.0,4.0,4.0,4.0,5.0,4.0,4.0,4.0,4.0,4.0,8.0,,.,.,Q244_2
استبانة تجربة المتعامل _ 2025 - ميدان,Customer Experience Survey _ 2025 - Tablet,1,,2.0,,,1,7,3,3,5,5,5,4,4,4,4,4,4,4,4,4,4,4.0,4.0,4.0,4.0,4.0,4.0,4.0,3.0,4.0,4.0,4.0,4.0,4.0,4.0,4.0,4.0,4.0,10.0,,لا يوجد,المكان متميز وراقي,Q244_2
استبانة تجربة المتعامل _ 2025 - ميدان,Customer Experience Survey _ 2025 - Tablet,1,,8.0,,,1,8,4,3,5,4,4,4,4,4,4,4,4,4,4,4,4,4.0,5.0,5.0,4.0,4.0,5.0,4.0,4.0,4.0,4.0,4.0,4.0,4.0,4.0,4.0,4.0,4.0,10.0,,Nothing,Customer service,Q244_8
استبانة تجربة المتعامل _ 2025 - ميدان,Customer Experience Survey _ 2025 - Tablet,1,,11.0,,,1,7,1,1,5,4,4,4,5,4,3,4,4,4,4,5,4,4.0,4.0,4.0,4.0,4.0,4.0,4.0,5.0,4.0,4.0,4.0,4.0,5.0,5.0,5.0,5.0,5.0,10.0,,لا يوجد,ان الخدمة تتطور كثيرا عن قبل,Q244_11
استبانة تجربة المتعامل _ 2025 - ميدان,Customer Experience Survey _ 2025 - Tablet,1,,11.0,,,1,5,4,3,5,5,5,5,5,5,5,5,5,5,5,5,4,5.0,5.0,5.0,5.0,5.0,5.0,5.0,5.0,5.0,5.0,5.0,5.0,5.0,5.0,5.0,5.0,5.0,10.0,,Nothing,Excellent service,Q244_11
استبانة تجربة المتعامل _ 2025 - ميدان,Customer Experience Survey _ 2025 - Tablet,1,,1.0,,,1,8,3,3,5,5,4,3,3,3,4,4,5,5,5,5,4,5.0,5.0,5.0,5.0,4.0,5.0,5.0,5.0,5.0,5.0,4.0,5.0,5.0,5.0,5.0,5.0,5.0,9.0,,يرجى تفعيل خدمة الاون لاين علي للنظام لتسهيل المعاملات,الموظفين محترمين,Q244_1
استبانة تجربة المتعامل _ 2025 - ميدان,Customer Experience Survey _ 2025 - Tablet,1,,10.0,,,1,7,1,1,4,4,4,2,4,4,4,4,4,4,4,4,4,4.0,4.0,4.0,4.0,4.0,4.0,4.0,4.0,4.0,4.0,4.0,4.0,4.0,4.0,4.0,4.0,4.0,10.0,,لا يوجد سوى ازدحام مواقف السيارات,نظافة المكان ورائحة البخور,Q244_10
استبانة تجربة المتعامل _ 2025 - ميدان,Customer Experience Survey _ 2025 - Tablet,1,,11.0,,,1,7,1,3,5,5,5,5,5,5,5,5,5,5,5,4,4,5.0,5.0,5.0,5.0,5.0,5.0,5.0,5.0,5.0,5.0,5.0,5.0,5.0,5.0,5.0,5.0,5.0,8.0,,لا شي سوى مواقف السيارات,التعامل الجيد,Q244_11
استبانة تجربة المتعامل _ 2025 - ميدان,Customer Experience Survey _ 2025 - Tablet,1,,8.0,,,1,5,4,3,5,5,5,5,5,5,5,5,5,5,5,4,5,4.0,4.0,4.0,4.0,4.0,4.0,4.0,4.0,4.0,4.0,4.0,4.0,4.0,3.0,4.0,5.0,5.0,9.0,,Only the infringement and fees are too much,Everything is fine,Q244_8
استبانة تجربة المتعامل _ 2025 - ميدان,Customer Experience Survey _ 2025 - Tablet,1,,11.0,,,2,7,1,1,3,4,3,4,4,4,4,4,4,4,4,4,4,4.0,4.0,3.0,3.0,3.0,3.0,3.0,3.0,4.0,4.0,4.0,4.0,4.0,3.0,4.0,4.0,4.0,7.0,,بطئ الإجراءات والعمل علي وجود دوام مسائي لتسهيل الأمور خاصة للقادمين من امارات أخرى بعيدة وعدم حفظ الأصول من اوراق  ومستندات داخل النظام,التعامل,Q244_11
استبانة تجربة المتعامل _ 2025 - ميدان,Customer Experience Survey _ 2025 - Tablet,1,,11.0,,,1,8,1,1,4,4,4,4,4,4,5,4,4,4,4,4,4,4.0,5.0,3.0,4.0,4.0,4.0,4.0,4.0,4.0,4.0,4.0,4.0,5.0,2.0,5.0,3.0,3.0,7.0,,عدم التجاوب مع الشكاوي من قبل الإدارة سواء من خلال المكالمات او الحضور,النظافة والرقي بالمكان,Q244_11
استبانة تجربة المتعامل _ 2025 - ميدان,Customer Experience Survey _ 2025 - Tablet,1,,2.0,,,1,7,1,1,5,5,5,5,5,5,5,5,5,5,5,5,5,5.0,5.0,5.0,5.0,5.0,5.0,5.0,5.0,4.0,4.0,4.0,4.0,4.0,5.0,5.0,5.0,5.0,10.0,,لايوجد,المعاملة الطيبة,Q244_2
استبانة تجربة المتعامل _ 2025 - ميدان,Customer Experience Survey _ 2025 - Tablet,1,,11.0,,,1,7,3,3,4,4,4,4,5,5,4,3,4,4,4,4,4,4.0,4.0,4.0,4.0,4.0,4.0,4.0,4.0,4.0,4.0,4.0,4.0,4.0,4.0,4.0,4.0,4.0,10.0,,لا يوجد,التعامل والموظفين,Q244_11
استبانة تجربة المتعامل _ 2025 - ميدان,Customer Experience Survey _ 2025 - Tablet,1,,11.0,,,1,7,3,3,4,4,4,3,5,5,5,5,5,5,5,4,4,5.0,5.0,5.0,4.0,4.0,4.0,4.0,4.0,4.0,4.0,4.0,5.0,5.0,5.0,5.0,5.0,5.0,10.0,,لا يوجد,المعامل الطيبه,Q244_11
استبانة تجربة المتعامل _ 2025 - ميدان,Customer Experience Survey _ 2025 - Tablet,1,,11.0,,,1,8,4,3,5,5,5,5,5,5,5,5,5,5,5,5,5,4.0,4.0,4.0,4.0,3.0,4.0,4.0,4.0,4.0,4.0,3.0,4.0,4.0,4.0,4.0,4.0,4.0,9.0,,Payment too much,Customer service good,Q244_11
استبانة تجربة المتعامل _ 2025 - ميدان,Customer Experience Survey _ 2025 - Tablet,1,,9.0,,,1,7,3,3,5,5,4,4,4,4,4,5,4,4,4,4,4,4.0,4.0,4.0,4.0,4.0,4.0,4.0,4.0,4.0,4.0,5.0,5.0,4.0,4.0,4.0,4.0,4.0,9.0,,لا يوجد,الموظفين,Q244_9
استبانة تجربة المتعامل _ 2025 - ميدان,Customer Experience Survey _ 2025 - Tablet,1,,1.0,,,1,7,3,3,5,4,5,2,5,4,4,5,5,5,5,4,5,5.0,4.0,4.0,4.0,4.0,5.0,5.0,4.0,5.0,5.0,5.0,5.0,5.0,4.0,4.0,5.0,4.0,10.0,,لا يوجد,الخدمة ممتازة,Q244_1
استبانة تجربة المتعامل _ 2025 - ميدان,Customer Experience Survey _ 2025 - Tablet,1,,10.0,,,1,7,3,3,4,4,4,3,4,4,4,4,4,4,4,2,4,4.0,4.0,4.0,4.0,5.0,4.0,4.0,4.0,4.0,4.0,4.0,4.0,4.0,4.0,4.0,4.0,4.0,8.0,,مواقف السيارات والانتظار طويلا,المكان نظيف ومرتب,Q244_10
استبانة تجربة المتعامل _ 2025 - ميدان,Customer Experience Survey _ 2025 - Tablet,1,,3.0,,,1,8,3,1,4,4,4,4,4,4,4,4,4,4,4,4,4,4.0,4.0,4.0,4.0,4.0,4.0,4.0,4.0,4.0,4.0,5.0,5.0,4.0,4.0,4.0,5.0,5.0,10.0,,لا يوجد,التعاون,Q244_3
استبانة تجربة المتعامل _ 2025 - ميدان,Customer Experience Survey _ 2025 - Tablet,1,,5.0,,,1,7,3,3,3,1,4,5,5,3,5,5,5,5,5,5,5,3.0,3.0,3.0,4.0,5.0,3.0,5.0,5.0,3.0,5.0,5.0,5.0,4.0,4.0,5.0,3.0,3.0,8.0,,يوجد مماطله في الاجراء .,.,Q244_5
استبانة تجربة المتعامل _ 2025 - ميدان,Customer Experience Survey _ 2025 - Tablet,1,,11.0,,,1,7,3,3,5,5,4,5,4,4,4,4,4,4,4,4,4,4.0,4.0,4.0,4.0,4.0,4.0,4.0,4.0,4.0,4.0,4.0,4.0,4.0,4.0,4.0,4.0,4.0,10.0,,.,.,Q244_11
استبانة تجربة المتعامل _ 2025 - ميدان,Customer Experience Survey _ 2025 - Tablet,1,,2.0,,,1,5,4,3,4,4,4,3,4,5,4,4,4,4,4,4,4,4.0,4.0,4.0,4.0,4.0,4.0,4.0,4.0,4.0,4.0,4.0,4.0,4.0,4.0,4.0,4.0,5.0,10.0,,.,.,Q244_2
استبانة تجربة المتعامل _ 2025 - ميدان,Customer Experience Survey _ 2025 - Tablet,1,,1.0,,,1,7,4,2,5,5,5,5,4,4,5,4,4,5,4,5,5,5.0,5.0,5.0,5.0,4.0,5.0,5.0,5.0,5.0,5.0,3.0,3.0,4.0,5.0,5.0,5.0,5.0,10.0,,Nothing,Nothing,Q244_1
استبانة تجربة المتعامل _ 2025 - ميدان,Customer Experience Survey _ 2025 - Tablet,1,,1.0,,,1,7,4,3,4,4,4,3,4,3,4,4,4,4,4,5,5,4.0,4.0,4.0,5.0,5.0,5.0,5.0,5.0,5.0,5.0,3.0,5.0,4.0,4.0,4.0,4.0,4.0,9.0,,Nil,Nil,Q244_1
استبانة تجربة المتعامل _ 2025 - ميدان,Customer Experience Survey _ 2025 - Tablet,1,,10.0,,,1,7,3,3,3,3,4,4,4,4,4,4,4,4,4,4,4,4.0,4.0,4.0,4.0,4.0,4.0,4.0,4.0,4.0,4.0,4.0,5.0,4.0,4.0,3.0,4.0,4.0,8.0,,الباركنات زحمه,.,Q244_10
استبانة تجربة المتعامل _ 2025 - ميدان,Customer Experience Survey _ 2025 - Tablet,1,,2.0,,,1,7,1,1,3,3,4,1,4,3,4,4,4,4,4,2,3,4.0,4.0,4.0,4.0,4.0,3.0,4.0,4.0,4.0,4.0,4.0,5.0,4.0,3.0,3.0,4.0,4.0,10.0,,عدم توفر خدمات الرقميه،  الباركنات مزدحمه,الاستقبال وتعامل الموظفيين,Q244_2
استبانة تجربة المتعامل _ 2025 - ميدان,Customer Experience Survey _ 2025 - Tablet,1,,2.0,,,1,7,3,3,3,4,4,2,4,3,5,5,5,4,5,5,5,4.0,4.0,4.0,4.0,4.0,4.0,4.0,4.0,4.0,4.0,4.0,5.0,4.0,4.0,4.0,4.0,4.0,10.0,,زحمه الباركنات,تعامل جيد لطيف,Q244_2
استبانة تجربة المتعامل _ 2025 - ميدان,Customer Experience Survey _ 2025 - Tablet,1,,2.0,,,1,5,4,3,3,3,4,4,4,4,4,4,4,4,4,4,4,4.0,4.0,4.0,4.0,4.0,4.0,4.0,4.0,4.0,4.0,5.0,4.0,4.0,4.0,4.0,4.0,4.0,10.0,,Na,All sevece,Q244_2
استبانة تجربة المتعامل _ 2025 - ميدان,Customer Experience Survey _ 2025 - Tablet,1,,5.0,,,1,7,4,3,4,4,4,4,4,3,4,4,4,4,3,4,4,4.0,4.0,4.0,4.0,4.0,3.0,4.0,4.0,3.0,4.0,3.0,4.0,4.0,4.0,4.0,4.0,4.0,8.0,,Nothing,All,Q244_5
استبانة تجربة المتعامل _ 2025 - ميدان,Customer Experience Survey _ 2025 - Tablet,1,,2.0,,,1,5,4,3,3,3,4,2,4,3,4,5,4,4,4,4,4,4.0,4.0,4.0,4.0,4.0,4.0,4.0,4.0,4.0,4.0,4.0,5.0,5.0,4.0,4.0,4.0,4.0,10.0,,.,.,Q244_2
استبانة تجربة المتعامل _ 2025 - ميدان,Customer Experience Survey _ 2025 - Tablet,1,,9.0,,,1,7,3,3,2,3,4,4,4,3,4,4,4,4,4,4,4,3.0,3.0,3.0,3.0,2.0,2.0,2.0,1.0,1.0,5.0,3.0,5.0,3.0,2.0,3.0,2.0,2.0,5.0,,.,.,Q244_9
استبانة تجربة المتعامل _ 2025 - ميدان,Customer Experience Survey _ 2025 - Tablet,1,,5.0,,,1,7,4,3,3,3,3,1,5,5,5,4,4,5,3,5,4,5.0,5.0,4.0,4.0,3.0,3.0,2.0,2.0,2.0,4.0,4.0,4.0,2.0,2.0,2.0,2.0,1.0,6.0,,مقدم الطلب من يوم ?? والى الان لم تتم الخدمه,_,Q244_5
استبانة تجربة المتعامل _ 2025 - ميدان,Customer Experience Survey _ 2025 - Tablet,1,,5.0,,,1,7,4,3,4,4,4,4,4,4,4,4,4,4,4,4,4,4.0,4.0,4.0,4.0,4.0,4.0,4.0,4.0,4.0,4.0,4.0,4.0,4.0,4.0,4.0,4.0,4.0,8.0,,Nothing,Timimg,Q244_5
استبانة تجربة المتعامل _ 2025 - ميدان,Customer Experience Survey _ 2025 - Tablet,1,,5.0,,,1,7,4,3,2,2,5,2,5,4,4,4,4,4,5,4,4,4.0,4.0,4.0,4.0,4.0,4.0,4.0,4.0,4.0,4.0,4.0,5.0,4.0,4.0,4.0,5.0,5.0,10.0,,.,.,Q244_5
استبانة تجربة المتعامل _ 2025 - ميدان,Customer Experience Survey _ 2025 - Tablet,1,,2.0,,,1,7,1,1,4,4,3,3,4,4,4,4,4,4,4,4,4,5.0,5.0,5.0,5.0,5.0,5.0,5.0,5.0,4.0,5.0,4.0,5.0,5.0,5.0,4.0,5.0,5.0,10.0,,توحيد طريقه دفع الاون لاين كاخدمات الدفان والازاله بحيث تكون نفس طريقه الدفع للخدمات البسيطه. توسيع الباركنات.,التعامل والاجراء,Q244_2
استبانة تجربة المتعامل _ 2025 - ميدان,Customer Experience Survey _ 2025 - Tablet,1,,2.0,,,1,5,1,1,4,4,4,1,4,4,4,4,4,5,5,5,5,4.0,4.0,4.0,5.0,5.0,5.0,5.0,5.0,4.0,5.0,5.0,5.0,4.0,5.0,4.0,5.0,5.0,10.0,,زحام الباركنات,تعامل الموظفه جزاها الله خير,Q244_2
استبانة تجربة المتعامل _ 2025 - ميدان,Customer Experience Survey _ 2025 - Tablet,1,,9.0,,,1,7,3,3,4,2,5,1,4,5,5,5,5,3,2,5,5,5.0,5.0,5.0,5.0,5.0,5.0,5.0,5.0,5.0,5.0,5.0,5.0,5.0,5.0,5.0,5.0,5.0,7.0,,لا شي,الاهتمام بالمراجعين,Q244_9
استبانة تجربة المتعامل _ 2025 - ميدان,Customer Experience Survey _ 2025 - Tablet,1,,6.0,,,1,7,4,3,4,4,4,4,5,4,4,5,5,5,5,5,5,4.0,4.0,5.0,5.0,4.0,4.0,4.0,4.0,5.0,5.0,5.0,5.0,4.0,4.0,4.0,4.0,5.0,10.0,,No issues,No issues,Q244_6
استبانة تجربة المتعامل _ 2025 - ميدان,Customer Experience Survey _ 2025 - Tablet,1,,2.0,,,1,7,4,3,4,4,4,3,4,3,5,5,5,4,4,3,4,4.0,4.0,4.0,4.0,4.0,4.0,4.0,4.0,3.0,4.0,3.0,4.0,3.0,4.0,4.0,4.0,4.0,9.0,,Na,.,Q244_2
استبانة تجربة المتعامل _ 2025 - ميدان,Customer Experience Survey _ 2025 - Tablet,1,,2.0,,,1,7,4,3,4,4,4,4,4,4,5,4,5,5,2,4,4,4.0,4.0,4.0,4.0,5.0,4.0,4.0,4.0,4.0,5.0,4.0,3.0,4.0,4.0,4.0,4.0,4.0,8.0,,Nothing,.,Q244_2
استبانة تجربة المتعامل _ 2025 - ميدان,Customer Experience Survey _ 2025 - Tablet,1,,9.0,,,1,7,4,3,3,3,4,1,5,5,5,5,5,5,3,3,4,5.0,5.0,5.0,5.0,4.0,3.0,3.0,2.0,2.0,4.0,3.0,4.0,3.0,4.0,3.0,4.0,4.0,6.0,,_,_,Q244_9
استبانة تجربة المتعامل _ 2025 - ميدان,Customer Experience Survey _ 2025 - Tablet,1,,3.0,,,1,7,3,3,3,3,5,1,5,5,4,5,5,5,3,5,5,5.0,5.0,5.0,5.0,3.0,3.0,3.0,2.0,2.0,4.0,3.0,4.0,4.0,3.0,3.0,4.0,4.0,8.0,,لاشي,_,Q244_3
استبانة تجربة المتعامل _ 2025 - ميدان,Customer Experience Survey _ 2025 - Tablet,1,,9.0,,,1,7,3,3,4,4,4,1,5,5,5,5,5,5,3,4,5,5.0,5.0,3.0,4.0,4.0,2.0,4.0,4.0,4.0,4.0,4.0,4.0,4.0,3.0,3.0,4.0,4.0,8.0,,عدم توفر المواقف,_,Q244_9
استبانة تجربة المتعامل _ 2025 - ميدان,Customer Experience Survey _ 2025 - Tablet,1,,3.0,,,1,7,3,3,3,3,4,1,5,5,5,5,5,5,3,2,5,5.0,4.0,4.0,5.0,2.0,2.0,3.0,3.0,3.0,4.0,4.0,4.0,4.0,3.0,3.0,3.0,3.0,7.0,,صعوبه الإجراءات ومده الانتظار,_,Q244_3
استبانة تجربة المتعامل _ 2025 - ميدان,Customer Experience Survey _ 2025 - Tablet,1,,9.0,,,1,7,3,3,3,3,3,2,5,5,5,5,5,5,3,3,5,5.0,5.0,4.0,4.0,3.0,2.0,4.0,3.0,3.0,4.0,4.0,4.0,4.0,3.0,3.0,4.0,4.0,9.0,,لاشي,_,Q244_9
استبانة تجربة المتعامل _ 2025 - ميدان,Customer Experience Survey _ 2025 - Tablet,1,,9.0,,,1,7,4,3,4,4,5,2,5,3,5,5,5,5,5,5,4,4.0,4.0,4.0,4.0,5.0,4.0,5.0,5.0,5.0,5.0,5.0,5.0,1.0,5.0,5.0,5.0,5.0,10.0,,.,.,Q244_9
استبانة تجربة المتعامل _ 2025 - ميدان,Customer Experience Survey _ 2025 - Tablet,1,,9.0,,,1,7,3,3,4,4,4,4,4,4,4,4,4,4,4,4,4,4.0,4.0,4.0,4.0,4.0,4.0,4.0,4.0,4.0,5.0,5.0,5.0,4.0,4.0,4.0,4.0,4.0,10.0,,.,جزاكم الله خير بالاخصاستاذه نوره,Q244_9
استبانة تجربة المتعامل _ 2025 - ميدان,Customer Experience Survey _ 2025 - Tablet,1,,7.0,,,1,5,1,1,3,3,4,1,4,4,4,4,4,4,3,4,4,4.0,3.0,3.0,4.0,2.0,4.0,2.0,2.0,2.0,4.0,4.0,4.0,2.0,2.0,2.0,2.0,1.0,0.0,,عدم انجاز المعامله,_,Q244_7
استبانة تجربة المتعامل _ 2025 - ميدان,Customer Experience Survey _ 2025 - Tablet,1,,9.0,,,1,7,4,3,3,3,5,4,5,5,4,3,4,4,5,4,4,4.0,4.0,3.0,4.0,4.0,3.0,4.0,4.0,3.0,3.0,4.0,4.0,3.0,3.0,4.0,4.0,4.0,8.0,,Problem solving,Costumer services,Q244_9
استبانة تجربة المتعامل _ 2025 - ميدان,Customer Experience Survey _ 2025 - Tablet,1,,10.0,,,1,7,4,3,3,3,4,3,5,4,4,4,4,4,3,3,4,4.0,2.0,2.0,2.0,4.0,2.0,3.0,2.0,2.0,4.0,4.0,4.0,2.0,2.0,3.0,2.0,1.0,5.0,,خطأ في تواريخ المعامله,_,Q244_10
استبانة تجربة المتعامل _ 2025 - ميدان,Customer Experience Survey _ 2025 - Tablet,1,,7.0,,,1,7,1,1,3,3,5,2,5,4,5,5,5,5,3,5,5,5.0,5.0,5.0,5.0,3.0,3.0,3.0,3.0,3.0,5.0,3.0,4.0,3.0,4.0,2.0,4.0,4.0,10.0,,احيانا لازم تتابع المعامله بنفسك,استجابه  الموظف,Q244_7
استبانة تجربة المتعامل _ 2025 - ميدان,Customer Experience Survey _ 2025 - Tablet,1,,3.0,,,1,7,4,2,4,4,5,1,5,5,5,5,5,5,5,3,4,5.0,5.0,4.0,4.0,4.0,3.0,4.0,3.0,3.0,4.0,4.0,4.0,5.0,5.0,3.0,4.0,4.0,10.0,,_,Very good services strongly recommended  public service departments,Q244_3
استبانة تجربة المتعامل _ 2025 - ميدان,Customer Experience Survey _ 2025 - Tablet,1,,11.0,,,1,5,1,1,4,4,5,2,5,5,5,5,5,4,3,3,4,5.0,5.0,5.0,5.0,2.0,4.0,4.0,3.0,2.0,4.0,4.0,4.0,3.0,4.0,2.0,5.0,4.0,8.0,,عدم انجاز المعاملات بسرعه,_,Q244_11
استبانة تجربة المتعامل _ 2025 - ميدان,Customer Experience Survey _ 2025 - Tablet,1,,3.0,,,1,7,3,3,3,3,4,3,5,4,5,5,5,4,5,3,4,5.0,5.0,5.0,4.0,2.0,3.0,3.0,2.0,2.0,5.0,4.0,4.0,5.0,2.0,2.0,4.0,3.0,8.0,,لاشي,_,Q244_3
استبانة تجربة المتعامل _ 2025 - ميدان,Customer Experience Survey _ 2025 - Tablet,1,,3.0,,,1,7,3,3,3,3,5,5,4,5,5,5,5,5,3,3,4,5.0,5.0,5.0,5.0,5.0,2.0,5.0,4.0,4.0,4.0,4.0,4.0,5.0,3.0,2.0,4.0,4.0,9.0,,لاشي,_,Q244_3
استبانة تجربة المتعامل _ 2025 - ميدان,Customer Experience Survey _ 2025 - Tablet,1,,9.0,,,1,7,3,3,3,3,5,4,5,5,5,5,5,5,3,5,5,5.0,5.0,5.0,5.0,5.0,3.0,5.0,5.0,5.0,4.0,4.0,4.0,4.0,3.0,4.0,4.0,4.0,9.0,,لاشي,_,Q244_9
استبانة تجربة المتعامل _ 2025 - ميدان,Customer Experience Survey _ 2025 - Tablet,1,,11.0,,,1,7,3,1,3,3,4,3,5,4,4,4,4,4,3,4,4,4.0,3.0,2.0,2.0,3.0,3.0,1.0,1.0,1.0,5.0,4.0,4.0,1.0,1.0,1.0,1.0,1.0,5.0,,عدم انجاز المعامله وهذه المره الثانيه ولم اتلقى اي نتيجه,_,Q244_11
