TMP_AR,TMP_EN,CENTER,Q233,Q244,Q256,Q326,GENDER,ACADEMIC,NATIONALITY,SECTOR,Dim1.1,Dim1.2,Dim2.1,Dim2.2,Dim2.3,Dim3.1,Dim3.2,Dim3.3,Dim3.4,Dim3.5,Dim3.6,Dim3.7,Dim3.8,Dim4.1,Dim4.2,Dim4.3,Dim4.4,Dim4.5,Dim4.6,Dim4.7,Dim4.8,Dim4.9,Dim4.10,Dim4.11,Dim4.12,Dim5.1,Dim5.2,Dim5.3,Dim6.1,Dim6.2,NPS,Unnamed: 42,Most_Unsat,Most_Sat,SERVICE
استبانة تجربة المتعامل _ 2025 - ميدان,Customer Experience Survey _ 2025 - Tablet,3,,,3.0,,2,5,1,1,5,5,5,5,5,5,5,5,5,5,5,5,5,5.0,4.0,5.0,5.0,5.0,5.0,5.0,5.0,5.0,5.0,5.0,5.0,5.0,5.0,5.0,5.0,4.0,10.0,,لايوجد,تعاملهم جيد,Q256_3
استبانة تجربة المتعامل _ 2025 - ميدان,Customer Experience Survey _ 2025 - Tablet,3,,,3.0,,1,5,3,1,3,4,4,1,2,4,5,5,5,5,5,4,5,5.0,5.0,5.0,5.0,5.0,5.0,5.0,5.0,5.0,5.0,4.0,4.0,4.0,4.0,4.0,5.0,4.0,8.0,,Nothing much,Translator are the best part its easy to communicate,Q256_3
استبانة تجربة المتعامل _ 2025 - ميدان,Customer Experience Survey _ 2025 - Tablet,3,,,1.0,,1,7,3,1,5,4,3,5,5,4,5,5,5,5,3,4,5,5.0,5.0,5.0,5.0,5.0,4.0,4.0,4.0,4.0,5.0,3.0,3.0,4.0,4.0,4.0,4.0,4.0,8.0,,انتظار القاضي,حسن الاستقبال,Q256_1
استبانة تجربة المتعامل _ 2025 - ميدان,Customer Experience Survey _ 2025 - Tablet,3,,,3.0,,1,5,4,3,1,4,4,2,4,4,4,4,5,5,4,4,4,4.0,4.0,4.0,4.0,4.0,4.0,4.0,4.0,4.0,4.0,4.0,4.0,4.0,4.0,4.0,4.0,4.0,10.0,,Nothing,Nothing to add,Q256_3
استبانة تجربة المتعامل _ 2025 - ميدان,Customer Experience Survey _ 2025 - Tablet,3,,,2.0,,1,7,3,1,5,5,5,5,5,5,5,5,5,5,5,5,5,5.0,5.0,5.0,5.0,5.0,5.0,5.0,5.0,5.0,5.0,5.0,5.0,5.0,5.0,5.0,5.0,5.0,10.0,,لاشء,سرعة الانجاز,Q256_2
استبانة تجربة المتعامل _ 2025 - ميدان,Customer Experience Survey _ 2025 - Tablet,3,,,3.0,,1,7,4,3,4,4,4,2,4,3,5,4,5,4,4,4,5,5.0,4.0,5.0,5.0,4.0,4.0,3.0,4.0,4.0,5.0,4.0,4.0,4.0,4.0,3.0,4.0,4.0,8.0,,Parking space,On time work,Q256_3
استبانة تجربة المتعامل _ 2025 - ميدان,Customer Experience Survey _ 2025 - Tablet,3,,,3.0,,1,7,3,3,5,4,3,5,5,4,5,4,5,5,5,5,5,5.0,4.0,4.0,5.0,5.0,4.0,5.0,5.0,5.0,5.0,4.0,5.0,4.0,4.0,3.0,4.0,4.0,8.0,,لاشئ,التفاعل السريع وإفاتى بالملاحظات,Q256_3
استبانة تجربة المتعامل _ 2025 - ميدان,Customer Experience Survey _ 2025 - Tablet,3,,,3.0,,1,5,1,1,4,4,3,3,5,1,3,3,4,4,4,3,3,3.0,3.0,3.0,3.0,3.0,3.0,3.0,3.0,3.0,3.0,3.0,3.0,3.0,3.0,3.0,3.0,3.0,5.0,,استخدام بعض الموظفين للهاتف أثناء وقت العمل طلب توفير شفت مسائي بعض الموظفين اسلوبهم ليس لطيف,لاشي,Q256_3
استبانة تجربة المتعامل _ 2025 - ميدان,Customer Experience Survey _ 2025 - Tablet,3,,,3.0,,1,5,4,3,4,4,4,4,4,4,4,4,4,4,4,4,4,4.0,4.0,4.0,4.0,4.0,4.0,4.0,4.0,4.0,4.0,4.0,4.0,4.0,4.0,4.0,4.0,4.0,10.0,,لاشي,الخدمات جيدة,Q256_3
استبانة تجربة المتعامل _ 2025 - ميدان,Customer Experience Survey _ 2025 - Tablet,3,,,2.0,,1,7,3,1,2,2,3,5,3,4,5,4,5,4,1,1,4,5.0,4.0,3.0,3.0,4.0,2.0,2.0,3.0,2.0,5.0,5.0,5.0,4.0,4.0,5.0,3.0,3.0,2.0,,بطي الإجراءات,حسن الاستقبال,Q256_2
استبانة تجربة المتعامل _ 2025 - ميدان,Customer Experience Survey _ 2025 - Tablet,3,,,3.0,,1,5,1,1,4,4,4,2,5,3,4,3,4,4,5,5,4,4.0,4.0,4.0,4.0,3.0,4.0,4.0,4.0,4.0,4.0,4.0,4.0,4.0,4.0,4.0,4.0,4.0,8.0,,N,N,Q256_3
استبانة تجربة المتعامل _ 2025 - ميدان,Customer Experience Survey _ 2025 - Tablet,3,,,3.0,,2,5,1,1,1,2,5,2,5,1,2,2,3,3,4,4,3,3.0,2.0,2.0,1.0,2.0,3.0,2.0,2.0,2.0,3.0,2.0,1.0,2.0,2.0,3.0,1.0,1.0,7.0,,عدم التواصل معي . مده الانتظار طويله. احتاج الدفع لرفع الحجز عن الحساب البنكي لكن لايوجد دفع كاش ولايوجد تعاون للمساعده ، عدم الجديه في التعامل  مع المتعامل خاصه اذا كان الموظف مواطن,لايوجد,Q256_3
استبانة تجربة المتعامل _ 2025 - ميدان,Customer Experience Survey _ 2025 - Tablet,3,,,3.0,,2,7,1,1,2,2,3,1,4,3,3,2,4,3,4,3,3,3.0,2.0,2.0,2.0,3.0,3.0,3.0,2.0,2.0,4.0,3.0,4.0,3.0,3.0,3.0,2.0,2.0,7.0,,الباركنات سيئه جدا غبر مناسبه كا منبى محكمه، كاونتر  15 غير واضح مكانه ، انشغال بعض الموظفين بالهاتف ، عدم توفر الموظف الشامل لمساعده عدد اكبر من المتعاملين، عدم إلمام  بعض الموظفين بمهامهمالموظف,لاشي,Q256_3
استبانة تجربة المتعامل _ 2025 - ميدان,Customer Experience Survey _ 2025 - Tablet,3,,,3.0,,1,5,1,1,4,4,4,4,4,4,4,4,4,4,4,4,4,4.0,4.0,4.0,4.0,4.0,4.0,4.0,4.0,4.0,4.0,4.0,4.0,4.0,4.0,4.0,4.0,4.0,10.0,,الحكم غير منصف,.,Q256_3
استبانة تجربة المتعامل _ 2025 - ميدان,Customer Experience Survey _ 2025 - Tablet,3,,,3.0,,1,5,1,1,5,5,1,1,5,3,5,4,5,4,5,5,5,5.0,5.0,5.0,5.0,5.0,5.0,5.0,5.0,5.0,5.0,3.0,3.0,4.0,3.0,4.0,4.0,3.0,9.0,,مع قله المراجعين هناك وقت للانتظار. انا من أصحاب الهمم لم اجد باركن داخلي  بعض الأحيان يوجد تأخير بالرد على الواتس,تعاملهم جيد,Q256_3
استبانة تجربة المتعامل _ 2025 - ميدان,Customer Experience Survey _ 2025 - Tablet,3,,,3.0,,1,5,3,1,4,4,2,4,4,4,4,4,5,5,5,5,5,5.0,5.0,5.0,5.0,3.0,5.0,5.0,5.0,5.0,5.0,1.0,1.0,4.0,4.0,4.0,4.0,4.0,10.0,,صعوبه الحصول على باركن  رسوم مقابله القاضي في كل مره عاليه يرحى النظر في الموضوع يرجى توفير وقت مسائي,لايوجد,Q256_3
استبانة تجربة المتعامل _ 2025 - ميدان,Customer Experience Survey _ 2025 - Tablet,3,,,1.0,,1,5,4,1,5,5,3,4,5,4,3,4,5,4,5,3,5,5.0,5.0,5.0,5.0,5.0,5.0,5.0,5.0,3.0,4.0,4.0,5.0,4.0,5.0,5.0,5.0,5.0,10.0,,Nothing,Nothing,Q256_1
استبانة تجربة المتعامل _ 2025 - ميدان,Customer Experience Survey _ 2025 - Tablet,3,,,3.0,,1,5,4,1,5,5,5,5,5,4,4,4,4,4,4,4,4,4.0,4.0,5.0,4.0,4.0,5.0,5.0,5.0,4.0,4.0,3.0,4.0,3.0,3.0,4.0,4.0,4.0,10.0,,N,N,Q256_3
استبانة تجربة المتعامل _ 2025 - ميدان,Customer Experience Survey _ 2025 - Tablet,3,,,2.0,,1,8,3,1,4,4,4,5,3,4,3,4,4,4,5,4,4,3.0,3.0,3.0,3.0,3.0,4.0,3.0,3.0,3.0,4.0,1.0,3.0,3.0,4.0,4.0,2.0,3.0,0.0,,بعض الموظفين متعاونين والبعض غير لطيف بالتعامل,لم يتم توضيح الاجراء من قبل الموظفين لي في بدايه فتح القضيه ما تسبب بضرر لي,Q256_2
استبانة تجربة المتعامل _ 2025 - ميدان,Customer Experience Survey _ 2025 - Tablet,3,,,3.0,,1,7,3,3,5,4,4,4,4,3,4,4,4,4,3,4,4,4.0,4.0,4.0,4.0,3.0,3.0,4.0,4.0,4.0,4.0,3.0,4.0,3.0,3.0,3.0,4.0,4.0,10.0,,N,N,Q256_3
استبانة تجربة المتعامل _ 2025 - ميدان,Customer Experience Survey _ 2025 - Tablet,3,,,3.0,,1,5,4,1,4,4,5,3,4,4,5,5,4,4,4,4,4,5.0,4.0,4.0,4.0,5.0,4.0,4.0,4.0,4.0,4.0,3.0,3.0,4.0,4.0,4.0,5.0,4.0,9.0,,Nothing,Customer response,Q256_3
استبانة تجربة المتعامل _ 2025 - ميدان,Customer Experience Survey _ 2025 - Tablet,3,,,2.0,,1,5,1,1,4,4,4,4,4,4,4,4,4,4,4,4,4,4.0,4.0,4.0,4.0,4.0,4.0,4.0,4.0,4.0,4.0,4.0,4.0,4.0,4.0,4.0,4.0,4.0,10.0,,لايوجد,الخدمات متميزة,Q256_2
استبانة تجربة المتعامل _ 2025 - ميدان,Customer Experience Survey _ 2025 - Tablet,3,,,3.0,,2,7,4,1,4,4,5,2,4,3,4,5,5,5,4,3,4,4.0,3.0,4.0,5.0,5.0,3.0,4.0,4.0,4.0,3.0,4.0,3.0,4.0,4.0,4.0,4.0,3.0,9.0,,N,N,Q256_3
استبانة تجربة المتعامل _ 2025 - ميدان,Customer Experience Survey _ 2025 - Tablet,3,,,1.0,,1,7,3,3,4,4,4,4,4,4,4,4,4,4,4,4,4,4.0,4.0,4.0,4.0,4.0,4.0,4.0,4.0,4.0,4.0,4.0,4.0,4.0,4.0,4.0,4.0,4.0,10.0,,N,N,Q256_1
استبانة تجربة المتعامل _ 2025 - ميدان,Customer Experience Survey _ 2025 - Tablet,3,,,2.0,,1,5,4,1,4,4,4,4,4,4,4,4,4,4,4,4,4,4.0,4.0,4.0,4.0,4.0,4.0,4.0,4.0,4.0,4.0,4.0,4.0,4.0,4.0,4.0,4.0,4.0,10.0,,N,N,Q256_2
استبانة تجربة المتعامل _ 2025 - ميدان,Customer Experience Survey _ 2025 - Tablet,3,,,1.0,,1,7,3,3,5,5,5,5,5,4,5,5,5,5,5,4,4,4.0,4.0,4.0,4.0,4.0,4.0,4.0,4.0,4.0,4.0,4.0,4.0,4.0,4.0,4.0,5.0,5.0,10.0,,لا شي,سهولة وسرعة الإنجاز,Q256_1
استبانة تجربة المتعامل _ 2025 - ميدان,Customer Experience Survey _ 2025 - Tablet,3,,,3.0,,1,5,4,1,4,4,4,4,4,4,4,3,5,5,4,4,4,4.0,4.0,4.0,4.0,5.0,5.0,5.0,4.0,5.0,5.0,5.0,5.0,5.0,5.0,5.0,5.0,5.0,10.0,,لايوجد,N,Q256_3
استبانة تجربة المتعامل _ 2025 - ميدان,Customer Experience Survey _ 2025 - Tablet,3,,,3.0,,1,7,3,1,5,5,3,5,5,3,5,3,5,5,3,5,5,5.0,3.0,4.0,5.0,5.0,4.0,4.0,4.0,3.0,5.0,3.0,5.0,5.0,3.0,3.0,4.0,4.0,8.0,,لايوجد,سرعه الخدمه,Q256_3
استبانة تجربة المتعامل _ 2025 - ميدان,Customer Experience Survey _ 2025 - Tablet,3,,,3.0,,1,5,3,1,3,4,5,4,5,3,4,4,4,4,5,5,4,4.0,4.0,4.0,4.0,3.0,4.0,4.0,4.0,4.0,4.0,2.0,2.0,4.0,4.0,3.0,4.0,4.0,8.0,,.,.,Q256_3
استبانة تجربة المتعامل _ 2025 - ميدان,Customer Experience Survey _ 2025 - Tablet,3,,,3.0,,1,7,3,3,5,3,5,5,4,3,4,4,4,4,5,5,4,4.0,4.0,4.0,4.0,4.0,4.0,4.0,4.0,4.0,4.0,4.0,4.0,4.0,4.0,4.0,4.0,4.0,9.0,,بعض الأحيان لايوجد رد على الواتس,.,Q256_3
استبانة تجربة المتعامل _ 2025 - ميدان,Customer Experience Survey _ 2025 - Tablet,3,,,3.0,,1,5,4,1,4,4,4,2,4,3,4,4,4,4,4,4,4,4.0,4.0,4.0,4.0,4.0,4.0,4.0,4.0,4.0,4.0,3.0,4.0,4.0,3.0,3.0,4.0,4.0,8.0,,لايوجد,.,Q256_3
استبانة تجربة المتعامل _ 2025 - ميدان,Customer Experience Survey _ 2025 - Tablet,3,,,3.0,,1,7,3,1,5,4,4,4,3,4,4,5,5,5,3,4,3,4.0,4.0,4.0,4.0,3.0,3.0,3.0,4.0,3.0,4.0,4.0,4.0,3.0,3.0,3.0,4.0,4.0,7.0,,.,.,Q256_3
استبانة تجربة المتعامل _ 2025 - ميدان,Customer Experience Survey _ 2025 - Tablet,3,,,3.0,,1,5,1,1,5,5,5,5,5,5,5,5,5,5,5,5,5,5.0,5.0,5.0,5.0,5.0,5.0,5.0,5.0,5.0,5.0,5.0,5.0,5.0,5.0,5.0,5.0,5.0,10.0,,لايوجد,سرعه الخدمه,Q256_3
استبانة تجربة المتعامل _ 2025 - ميدان,Customer Experience Survey _ 2025 - Tablet,3,,,3.0,,1,5,1,1,4,4,4,4,4,3,3,3,3,1,4,1,3,4.0,3.0,3.0,3.0,3.0,3.0,2.0,1.0,2.0,4.0,3.0,3.0,3.0,2.0,4.0,2.0,2.0,5.0,,بعض الموظفين غير متمكنين ولا يملكون المعلومه او الكفائه الكافية . مده الانتظار طويله,لاشي,Q256_3
استبانة تجربة المتعامل _ 2025 - ميدان,Customer Experience Survey _ 2025 - Tablet,3,,,3.0,,1,5,4,1,3,3,3,3,4,2,3,4,4,2,4,3,3,3.0,3.0,4.0,4.0,3.0,3.0,3.0,3.0,3.0,4.0,1.0,1.0,3.0,3.0,3.0,3.0,3.0,6.0,,مده الانتظار طويله,.,Q256_3
استبانة تجربة المتعامل _ 2025 - ميدان,Customer Experience Survey _ 2025 - Tablet,3,,,3.0,,1,7,3,1,4,4,4,2,1,3,4,2,5,2,3,4,3,4.0,4.0,4.0,5.0,4.0,5.0,5.0,4.0,4.0,5.0,3.0,5.0,3.0,3.0,3.0,3.0,3.0,7.0,,لا شيء,اللباقة وحسن الاستماع,Q256_3
استبانة تجربة المتعامل _ 2025 - ميدان,Customer Experience Survey _ 2025 - Tablet,3,,,2.0,,2,5,3,3,4,4,5,3,4,4,4,4,4,4,4,4,4,5.0,4.0,4.0,4.0,4.0,3.0,4.0,4.0,4.0,4.0,4.0,4.0,4.0,4.0,4.0,4.0,4.0,9.0,,لا شي,خدمة المتعاملين,Q256_2
استبانة تجربة المتعامل _ 2025 - ميدان,Customer Experience Survey _ 2025 - Tablet,3,,,3.0,,1,7,4,1,4,3,4,5,5,4,4,3,5,5,5,4,3,5.0,5.0,4.0,5.0,4.0,2.0,4.0,4.0,5.0,4.0,4.0,4.0,3.0,3.0,5.0,3.0,5.0,7.0,,Sending again again to the concern departments I already cleared,Got the support from the assisting support from the assigned staffs to meet the concern person,Q256_3
استبانة تجربة المتعامل _ 2025 - ميدان,Customer Experience Survey _ 2025 - Tablet,3,,,3.0,,2,5,1,1,4,4,3,1,4,1,4,3,5,5,3,1,4,5.0,4.0,4.0,5.0,3.0,3.0,3.0,3.0,3.0,5.0,3.0,4.0,3.0,3.0,3.0,3.0,3.0,8.0,,لا شي,لا شي,Q256_3
استبانة تجربة المتعامل _ 2025 - ميدان,Customer Experience Survey _ 2025 - Tablet,3,,,3.0,,1,7,3,1,4,4,4,4,4,2,4,4,4,4,3,4,4,4.0,4.0,4.0,4.0,4.0,4.0,4.0,4.0,4.0,4.0,4.0,4.0,4.0,4.0,4.0,4.0,4.0,8.0,,لاشي,.,Q256_3
استبانة تجربة المتعامل _ 2025 - ميدان,Customer Experience Survey _ 2025 - Tablet,3,,,3.0,,1,5,4,3,4,4,4,4,4,3,4,4,4,3,4,4,3,3.0,4.0,4.0,4.0,3.0,3.0,3.0,3.0,3.0,4.0,3.0,3.0,4.0,3.0,4.0,4.0,4.0,8.0,,احيانا الانتظار مزعج.,.,Q256_3
استبانة تجربة المتعامل _ 2025 - ميدان,Customer Experience Survey _ 2025 - Tablet,3,,,3.0,,1,5,4,3,4,4,4,4,4,4,4,4,4,4,4,4,4,4.0,4.0,5.0,4.0,4.0,4.0,4.0,4.0,4.0,4.0,4.0,4.0,4.0,4.0,4.0,4.0,4.0,8.0,,لاشي,.,Q256_3
استبانة تجربة المتعامل _ 2025 - ميدان,Customer Experience Survey _ 2025 - Tablet,3,,,3.0,,2,7,4,1,4,4,4,4,4,4,4,4,4,4,4,4,4,4.0,3.0,3.0,4.0,4.0,4.0,4.0,4.0,4.0,3.0,4.0,4.0,4.0,4.0,4.0,4.0,4.0,9.0,,لاشي,تعامل الموظف,Q256_3
استبانة تجربة المتعامل _ 2025 - ميدان,Customer Experience Survey _ 2025 - Tablet,3,,,3.0,,1,5,4,3,4,4,4,4,4,4,4,4,4,4,4,3,3,4.0,4.0,4.0,4.0,4.0,4.0,4.0,4.0,4.0,4.0,3.0,4.0,4.0,4.0,4.0,4.0,3.0,9.0,,Not applicable,Quick service,Q256_3
استبانة تجربة المتعامل _ 2025 - ميدان,Customer Experience Survey _ 2025 - Tablet,3,,,3.0,,1,5,1,1,4,4,4,4,5,3,4,4,4,4,5,4,4,4.0,4.0,4.0,4.0,4.0,4.0,4.0,4.0,4.0,4.0,4.0,4.0,4.0,4.0,3.0,4.0,4.0,8.0,,.,.,Q256_3
استبانة تجربة المتعامل _ 2025 - ميدان,Customer Experience Survey _ 2025 - Tablet,3,,,3.0,,1,5,4,3,4,4,4,4,4,3,4,4,4,4,4,4,4,4.0,4.0,4.0,5.0,4.0,4.0,4.0,4.0,4.0,4.0,3.0,3.0,4.0,4.0,3.0,4.0,3.0,9.0,,.,.,Q256_3
استبانة تجربة المتعامل _ 2025 - ميدان,Customer Experience Survey _ 2025 - Tablet,3,,,3.0,,1,5,4,3,3,4,4,4,4,4,4,4,4,4,4,4,3,4.0,4.0,4.0,4.0,4.0,4.0,4.0,4.0,4.0,4.0,4.0,4.0,3.0,3.0,3.0,4.0,4.0,8.0,,.,.,Q256_3
استبانة تجربة المتعامل _ 2025 - ميدان,Customer Experience Survey _ 2025 - Tablet,3,,,3.0,,2,7,3,3,5,5,5,4,5,5,5,5,5,5,5,5,5,5.0,4.0,5.0,5.0,5.0,5.0,5.0,5.0,5.0,5.0,5.0,5.0,5.0,5.0,5.0,5.0,5.0,10.0,,لايوجد,سرعه الانجاز,Q256_3
استبانة تجربة المتعامل _ 2025 - ميدان,Customer Experience Survey _ 2025 - Tablet,3,,,1.0,,1,7,4,1,4,4,4,4,4,3,4,4,4,4,4,4,4,4.0,4.0,5.0,4.0,4.0,4.0,4.0,4.0,4.0,4.0,3.0,4.0,4.0,4.0,4.0,4.0,4.0,8.0,,.,.,Q256_1
استبانة تجربة المتعامل _ 2025 - ميدان,Customer Experience Survey _ 2025 - Tablet,3,,,1.0,,1,5,4,1,5,5,5,3,5,5,5,5,5,5,5,3,5,4.0,4.0,4.0,5.0,5.0,5.0,5.0,4.0,4.0,5.0,4.0,5.0,5.0,5.0,3.0,5.0,5.0,10.0,,.,The environment smiles of staff,Q256_1
استبانة تجربة المتعامل _ 2025 - ميدان,Customer Experience Survey _ 2025 - Tablet,3,,,3.0,,2,5,3,1,1,2,1,3,3,2,2,3,4,4,4,4,3,2.0,1.0,1.0,2.0,1.0,1.0,2.0,1.0,1.0,1.0,1.0,1.0,1.0,1.0,2.0,1.0,1.0,0.0,,عدم كفاءه  الموظفين في مساعده المتعامل . ليس لديهم معلومه صحيحه ليس لديهم كفاءة والمام بالقوانين والاجراءات . دفع رسوم لكل طلب تحري وطلب اعلان بالنشر،   لكل خدمه هناك طلبات تقدم مع رسوم. متابعه تسليم الإعلانات للمدعى عليه من قبلي ويفترض ان يكون هناك معرفه بمكان تواجده بعد تقديم الطلبات من قبلي . انشغال الموظف بغير شؤون المتعامل . عدم توضيح الخطوات التاليه التي يجب أن تؤخذ ، عدم معرفه سبب رفض القاضي لأرفاق إيصال في الطلبات دون توضيح السبب، عدم تسهيل الحصول على المعلومات عن المدعى عليه ، لايوجد تعاون بتاتا ، عدم الاستفاده من رفع القضايا الا استنزاف الفلوس والطاقه وعدم تحصيل الحقوق,ولا شي للأسف,Q256_3
استبانة تجربة المتعامل _ 2025 - ميدان,Customer Experience Survey _ 2025 - Tablet,3,,,3.0,,1,7,3,3,5,4,5,5,5,5,5,4,5,5,5,4,3,5.0,5.0,5.0,4.0,4.0,3.0,4.0,4.0,4.0,5.0,3.0,3.0,3.0,3.0,4.0,5.0,5.0,7.0,,.,سهوله المعاملات,Q256_3
استبانة تجربة المتعامل _ 2025 - ميدان,Customer Experience Survey _ 2025 - Tablet,3,,,2.0,,1,5,4,1,4,4,4,4,4,4,4,4,4,4,4,4,4,4.0,4.0,3.0,3.0,4.0,3.0,3.0,4.0,3.0,4.0,3.0,3.0,4.0,4.0,3.0,4.0,4.0,8.0,,.,.,Q256_2
استبانة تجربة المتعامل _ 2025 - ميدان,Customer Experience Survey _ 2025 - Tablet,3,,,3.0,,1,5,4,3,5,4,4,3,4,5,5,4,5,4,4,4,4,4.0,4.0,4.0,4.0,3.0,4.0,4.0,3.0,4.0,3.0,4.0,4.0,4.0,4.0,3.0,4.0,4.0,9.0,,يوجد دفع مبلغ خمسه في المئه في القضيه,تعاملهم جيد,Q256_3
استبانة تجربة المتعامل _ 2025 - ميدان,Customer Experience Survey _ 2025 - Tablet,3,,,3.0,,1,7,4,3,4,4,4,2,4,4,4,4,4,4,4,4,4,4.0,4.0,4.0,4.0,4.0,4.0,4.0,4.0,4.0,4.0,4.0,4.0,4.0,4.0,4.0,4.0,4.0,8.0,,.,.,Q256_3
استبانة تجربة المتعامل _ 2025 - ميدان,Customer Experience Survey _ 2025 - Tablet,3,,,3.0,,1,5,4,1,4,4,4,2,4,3,5,3,4,4,5,4,4,4.0,4.0,4.0,4.0,4.0,4.0,4.0,4.0,4.0,4.0,2.0,4.0,4.0,4.0,4.0,4.0,4.0,9.0,,الرسوم التي تطلب احيانا تتخطى المبلغ المطلوب من المدعى عليه,المعامله الجيدة,Q256_3
استبانة تجربة المتعامل _ 2025 - ميدان,Customer Experience Survey _ 2025 - Tablet,3,,,3.0,,1,5,1,1,4,4,4,2,4,3,4,3,4,4,4,4,4,4.0,4.0,4.0,4.0,4.0,4.0,4.0,4.0,3.0,4.0,3.0,4.0,4.0,3.0,4.0,4.0,4.0,8.0,,لايوجد,.,Q256_3
استبانة تجربة المتعامل _ 2025 - ميدان,Customer Experience Survey _ 2025 - Tablet,3,,,3.0,,2,5,1,1,4,4,4,4,4,4,4,4,4,4,4,4,4,4.0,4.0,4.0,4.0,4.0,4.0,4.0,4.0,4.0,4.0,4.0,4.0,4.0,4.0,3.0,4.0,4.0,10.0,,لايوجد,تعاملهم طيب,Q256_3
استبانة تجربة المتعامل _ 2025 - ميدان,Customer Experience Survey _ 2025 - Tablet,3,,,3.0,,1,5,3,1,4,4,2,4,3,4,4,3,4,4,3,2,3,4.0,3.0,3.0,3.0,4.0,4.0,4.0,2.0,2.0,4.0,2.0,4.0,3.0,3.0,3.0,4.0,3.0,5.0,,الانتظار,معاملة جيدة,Q256_3
استبانة تجربة المتعامل _ 2025 - ميدان,Customer Experience Survey _ 2025 - Tablet,3,,,3.0,,1,7,4,1,4,5,4,5,5,5,5,5,4,5,5,4,5,5.0,4.0,5.0,5.0,4.0,4.0,4.0,5.0,4.0,5.0,5.0,4.0,4.0,4.0,4.0,5.0,5.0,10.0,,No,Customer service,Q256_3
استبانة تجربة المتعامل _ 2025 - ميدان,Customer Experience Survey _ 2025 - Tablet,3,,,3.0,,1,7,4,3,4,4,5,5,5,5,5,5,5,5,3,5,5,5.0,5.0,5.0,5.0,5.0,5.0,5.0,5.0,5.0,5.0,3.0,5.0,5.0,5.0,5.0,5.0,4.0,8.0,,.,.,Q256_3
استبانة تجربة المتعامل _ 2025 - ميدان,Customer Experience Survey _ 2025 - Tablet,3,,,3.0,,1,5,1,1,4,2,1,5,5,5,2,3,3,5,5,1,5,4.0,3.0,2.0,2.0,4.0,5.0,5.0,2.0,1.0,5.0,5.0,5.0,5.0,2.0,3.0,2.0,3.0,5.0,,.,.,Q256_3
استبانة تجربة المتعامل _ 2025 - ميدان,Customer Experience Survey _ 2025 - Tablet,3,,,3.0,,1,5,3,1,4,3,4,1,5,2,4,3,4,4,5,4,3,4.0,4.0,4.0,4.0,4.0,4.0,4.0,4.0,4.0,4.0,4.0,4.0,4.0,4.0,3.0,4.0,4.0,9.0,,لاشي,.,Q256_3
استبانة تجربة المتعامل _ 2025 - ميدان,Customer Experience Survey _ 2025 - Tablet,3,,,1.0,,2,7,4,3,4,5,5,5,5,2,5,4,5,5,4,4,5,4.0,4.0,4.0,4.0,4.0,4.0,4.0,4.0,4.0,4.0,4.0,5.0,3.0,4.0,4.0,4.0,4.0,8.0,,.,.,Q256_1
استبانة تجربة المتعامل _ 2025 - ميدان,Customer Experience Survey _ 2025 - Tablet,3,,,3.0,,1,7,3,3,4,4,4,4,4,3,4,3,4,4,5,5,3,4.0,4.0,4.0,4.0,4.0,4.0,4.0,3.0,3.0,5.0,4.0,4.0,4.0,4.0,4.0,3.0,4.0,8.0,,لايوجد,تعامل الموظف,Q256_3
استبانة تجربة المتعامل _ 2025 - ميدان,Customer Experience Survey _ 2025 - Tablet,3,,,3.0,,1,7,3,3,5,5,5,5,5,5,5,5,5,5,5,5,5,5.0,5.0,5.0,5.0,5.0,5.0,5.0,5.0,5.0,5.0,5.0,5.0,4.0,4.0,3.0,4.0,4.0,10.0,,.,.,Q256_3
استبانة تجربة المتعامل _ 2025 - ميدان,Customer Experience Survey _ 2025 - Tablet,3,,,1.0,,2,7,3,1,5,5,2,2,5,3,5,3,4,4,4,4,4,4.0,4.0,4.0,4.0,5.0,5.0,5.0,5.0,4.0,5.0,4.0,4.0,4.0,4.0,4.0,4.0,5.0,7.0,,الباركنات جدا متعبه ... يرجى توفير شفت مسائي ،،، لوحه المعلومات غير واضح مكانها ،، كوابل الشحن الخاصه بالهواتف غير واضحه ايضا,التعاون و سرعه الخدمه من ?بل الخوظف,Q256_1
استبانة تجربة المتعامل _ 2025 - ميدان,Customer Experience Survey _ 2025 - Tablet,3,,,3.0,,1,7,3,3,4,4,4,4,3,5,5,4,5,4,5,5,4,4.0,4.0,4.0,4.0,4.0,4.0,5.0,4.0,4.0,5.0,5.0,5.0,4.0,5.0,4.0,5.0,5.0,10.0,,لاشي,جزيتم خيرا,Q256_3
استبانة تجربة المتعامل _ 2025 - ميدان,Customer Experience Survey _ 2025 - Tablet,3,,,3.0,,1,5,1,1,4,4,4,1,4,3,4,4,4,4,4,4,3,4.0,4.0,4.0,4.0,4.0,4.0,4.0,4.0,4.0,4.0,4.0,4.0,4.0,4.0,4.0,5.0,5.0,10.0,,يفضل يكون في شفت ثاني للدوام,جزاكم الله خير,Q256_3
استبانة تجربة المتعامل _ 2025 - ميدان,Customer Experience Survey _ 2025 - Tablet,3,,,3.0,,2,7,1,1,5,5,5,3,5,1,5,1,5,1,5,5,3,5.0,4.0,4.0,5.0,5.0,5.0,5.0,5.0,5.0,4.0,4.0,4.0,4.0,4.0,4.0,5.0,4.0,5.0,,المبنى بشكل عام غير حديث يحتاج تجديد  هو واجهه مهمه يجب ان تكون جدا راقيه ومرتبه وحديثه. المرافق الصحيه غير جيده ابدا اقصد الحمامات ومكانها غير صحيح في الأعلى كا شخص كبير في السن لايستطيع الصعود وشكلها جدا سئ  ، يرجى توفير مكان مناسب للصلاه بعض الناس تجلس فترات طويله يجيب توفير مسجد للرجال والنساء ، لوحات الأرقام غير واضحه وصوتها مزعج جدا للموظف قبل المتعامل ، يرجى توفير شاشات اكبر وأكثر وضوح لها وميض يلفت المتعامل حيث أن الصوت جدا مزعج ، الاهتمام اكثر في أمر الضيافه والنظافه بشكل عام,تعامل الموظفين,Q256_3
استبانة تجربة المتعامل _ 2025 - ميدان,Customer Experience Survey _ 2025 - Tablet,3,,,3.0,,1,5,1,1,4,4,4,4,4,4,4,4,4,4,4,4,4,4.0,4.0,4.0,4.0,4.0,4.0,4.0,4.0,4.0,4.0,4.0,4.0,4.0,4.0,4.0,4.0,4.0,7.0,,المبنى يحتاج الكثير من العمل والتجديد ونظام التبريد فتره الظهيرة غير جيد,الخدمات المقدمه,Q256_3
استبانة تجربة المتعامل _ 2025 - ميدان,Customer Experience Survey _ 2025 - Tablet,3,,,3.0,,1,7,4,3,4,4,4,4,5,4,5,5,4,5,5,5,5,5.0,5.0,5.0,5.0,5.0,5.0,5.0,5.0,5.0,5.0,5.0,5.0,5.0,5.0,5.0,5.0,5.0,10.0,,.,.,Q256_3
استبانة تجربة المتعامل _ 2025 - ميدان,Customer Experience Survey _ 2025 - Tablet,3,,,3.0,,1,7,3,1,3,4,5,1,5,2,3,1,4,3,4,4,4,3.0,3.0,4.0,4.0,4.0,4.0,3.0,3.0,3.0,5.0,4.0,4.0,3.0,4.0,4.0,3.0,4.0,6.0,,.,،,Q256_3
استبانة تجربة المتعامل _ 2025 - ميدان,Customer Experience Survey _ 2025 - Tablet,3,,,3.0,,1,5,1,1,4,4,4,1,4,2,4,4,4,4,4,4,4,4.0,4.0,4.0,3.0,2.0,4.0,3.0,3.0,3.0,5.0,3.0,4.0,4.0,3.0,3.0,3.0,3.0,7.0,,توفير باركنات بطريقه افضل لجميع الفئات حيث اني لااستطيع المشي بشكل جيد بسبب وض. صحي ، مشكله تأخر الرد عند التواصل معهم عن طريق الواتس,.,Q256_3
استبانة تجربة المتعامل _ 2025 - ميدان,Customer Experience Survey _ 2025 - Tablet,3,,,3.0,,1,5,1,3,4,4,4,4,4,5,5,5,5,4,5,5,5,4.0,5.0,4.0,5.0,4.0,4.0,4.0,4.0,4.0,4.0,5.0,5.0,5.0,4.0,4.0,5.0,4.0,10.0,,.,.,Q256_3
استبانة تجربة المتعامل _ 2025 - ميدان,Customer Experience Survey _ 2025 - Tablet,3,,,3.0,,1,5,4,3,4,4,4,3,4,4,4,4,4,4,5,4,4,4.0,4.0,4.0,4.0,4.0,4.0,4.0,4.0,4.0,4.0,4.0,4.0,4.0,4.0,4.0,4.0,4.0,7.0,,انتظار طويل علشان يشوف القاضي جدا متعب،,تعامل الموظفين,Q256_3
استبانة تجربة المتعامل _ 2025 - ميدان,Customer Experience Survey _ 2025 - Tablet,3,,,3.0,,2,5,4,3,4,4,4,4,4,4,4,4,4,4,4,4,4,4.0,4.0,4.0,5.0,4.0,4.0,4.0,5.0,4.0,4.0,4.0,4.0,4.0,4.0,4.0,4.0,4.0,8.0,,Nothing,I come every time and my problem Sourt out,Q256_3
استبانة تجربة المتعامل _ 2025 - ميدان,Customer Experience Survey _ 2025 - Tablet,3,,,3.0,,1,5,4,3,4,4,4,4,4,4,4,4,4,4,4,4,4,4.0,4.0,4.0,4.0,4.0,4.0,4.0,4.0,4.0,4.0,4.0,4.0,4.0,4.0,4.0,4.0,4.0,8.0,,Nothing,.,Q256_3
استبانة تجربة المتعامل _ 2025 - ميدان,Customer Experience Survey _ 2025 - Tablet,3,,,3.0,,1,7,3,3,5,5,3,5,5,5,5,5,5,5,5,5,5,5.0,5.0,5.0,4.0,5.0,5.0,5.0,3.0,5.0,4.0,5.0,5.0,5.0,5.0,5.0,5.0,5.0,10.0,,لا شيء,التعامل الجيد ووسائل التواصل جيدة,Q256_3
استبانة تجربة المتعامل _ 2025 - ميدان,Customer Experience Survey _ 2025 - Tablet,3,,,3.0,,1,7,3,1,3,3,4,2,4,3,3,3,5,5,4,3,5,5.0,3.0,3.0,4.0,3.0,4.0,4.0,4.0,3.0,5.0,5.0,5.0,5.0,5.0,5.0,5.0,5.0,6.0,,بعض الموظفين معاملتهم سيئة ولا يحاولون ان يفهموا العميل,المكان نظيف ولائق,Q256_3
استبانة تجربة المتعامل _ 2025 - ميدان,Customer Experience Survey _ 2025 - Tablet,3,,,4.0,,2,7,3,3,4,4,5,5,5,5,4,5,5,5,5,5,5,5.0,5.0,5.0,4.0,5.0,3.0,5.0,5.0,3.0,5.0,5.0,5.0,5.0,5.0,5.0,5.0,5.0,9.0,,الورقيات الذائدة,تعامل الموظفين الجيد,Q256_4
استبانة تجربة المتعامل _ 2025 - ميدان,Customer Experience Survey _ 2025 - Tablet,3,,,1.0,,1,5,4,1,5,5,5,5,5,5,5,5,5,5,5,5,5,5.0,5.0,5.0,5.0,5.0,5.0,5.0,5.0,5.0,5.0,5.0,5.0,5.0,5.0,5.0,5.0,5.0,10.0,,Nothing,The service is so fast,Q256_1
استبانة تجربة المتعامل _ 2025 - ميدان,Customer Experience Survey _ 2025 - Tablet,3,,,3.0,,2,7,3,3,4,4,4,4,4,4,4,4,5,5,5,5,5,5.0,5.0,5.0,5.0,5.0,5.0,5.0,5.0,5.0,5.0,5.0,5.0,5.0,5.0,5.0,5.0,5.0,10.0,,لاشي,موظفين كتيرخدمه ممتازه,Q256_3
استبانة تجربة المتعامل _ 2025 - ميدان,Customer Experience Survey _ 2025 - Tablet,3,,,3.0,,1,7,3,1,4,4,4,4,4,4,4,4,4,4,4,4,4,4.0,4.0,4.0,4.0,4.0,4.0,4.0,4.0,4.0,4.0,4.0,4.0,4.0,4.0,4.0,4.0,4.0,9.0,,لاشي,.,Q256_3
استبانة تجربة المتعامل _ 2025 - ميدان,Customer Experience Survey _ 2025 - Tablet,3,,,3.0,,1,7,4,1,3,3,3,3,3,3,5,3,4,3,3,2,3,5.0,5.0,5.0,5.0,5.0,3.0,3.0,3.0,3.0,3.0,5.0,5.0,4.0,4.0,4.0,3.0,3.0,5.0,,.,.,Q256_3
استبانة تجربة المتعامل _ 2025 - ميدان,Customer Experience Survey _ 2025 - Tablet,3,,,3.0,,1,7,4,3,4,4,4,4,4,4,4,4,4,4,4,4,4,4.0,4.0,4.0,4.0,4.0,4.0,4.0,4.0,4.0,4.0,4.0,4.0,4.0,4.0,4.0,4.0,4.0,10.0,,.,.,Q256_3
استبانة تجربة المتعامل _ 2025 - ميدان,Customer Experience Survey _ 2025 - Tablet,3,,,3.0,,1,5,1,1,4,4,4,4,4,4,4,4,4,4,4,4,4,4.0,4.0,4.0,4.0,4.0,4.0,4.0,3.0,3.0,5.0,4.0,5.0,3.0,4.0,4.0,4.0,4.0,8.0,,.,.,Q256_3
استبانة تجربة المتعامل _ 2025 - ميدان,Customer Experience Survey _ 2025 - Tablet,3,,,3.0,,1,8,3,3,2,3,3,4,4,2,3,4,4,4,2,4,4,4.0,3.0,3.0,3.0,2.0,4.0,4.0,4.0,3.0,4.0,4.0,4.0,3.0,3.0,3.0,3.0,3.0,7.0,,التأخر في الرد على الواتس,تحويل الخدمات على الواتس,Q256_3
استبانة تجربة المتعامل _ 2025 - ميدان,Customer Experience Survey _ 2025 - Tablet,3,,,3.0,,2,7,3,1,4,4,4,4,4,4,4,4,4,3,5,4,3,4.0,4.0,4.0,4.0,4.0,4.0,4.0,4.0,4.0,4.0,4.0,5.0,4.0,4.0,4.0,4.0,4.0,9.0,,.,.,Q256_3
استبانة تجربة المتعامل _ 2025 - ميدان,Customer Experience Survey _ 2025 - Tablet,3,,,1.0,,1,7,3,3,5,4,5,5,5,4,5,3,5,5,4,4,5,5.0,5.0,5.0,5.0,5.0,5.0,5.0,5.0,5.0,5.0,4.0,5.0,5.0,5.0,5.0,5.0,5.0,10.0,,لا يوجد,سرعة انجاز الخدمة,Q256_1
استبانة تجربة المتعامل _ 2025 - ميدان,Customer Experience Survey _ 2025 - Tablet,3,,,3.0,,1,7,4,1,4,4,4,4,4,2,4,4,4,4,5,4,3,4.0,4.0,4.0,4.0,4.0,4.0,4.0,3.0,3.0,4.0,4.0,4.0,4.0,4.0,4.0,4.0,4.0,8.0,,لاشي,تعامل الموظف,Q256_3
استبانة تجربة المتعامل _ 2025 - ميدان,Customer Experience Survey _ 2025 - Tablet,3,,,3.0,,1,5,1,1,4,4,4,4,4,3,4,4,4,4,4,4,4,4.0,4.0,4.0,4.0,4.0,4.0,4.0,4.0,4.0,4.0,3.0,3.0,4.0,4.0,4.0,4.0,3.0,9.0,,مشكله الباركنات مزدحم دائما .هناك مشكله في النظام لم يعلموني ان المشتكى عليه مسفر ابعاد وانا عملت قضيه وتكلفت والمدعى عليه غير موجود يجب المتابعه واعلامنا بهذا ،  مشكله  دفع الرسوم يجب أن تكون مره وحده,تعامل الموظفات,Q256_3
استبانة تجربة المتعامل _ 2025 - ميدان,Customer Experience Survey _ 2025 - Tablet,3,,,3.0,,1,5,4,1,4,2,4,3,5,2,4,4,4,4,5,5,3,4.0,4.0,4.0,4.0,4.0,4.0,4.0,4.0,4.0,4.0,5.0,4.0,3.0,3.0,3.0,4.0,4.0,8.0,,التأخر في الرد على الواتس. الباركنات مشكله.,معامله الموظفيين,Q256_3
استبانة تجربة المتعامل _ 2025 - ميدان,Customer Experience Survey _ 2025 - Tablet,3,,,4.0,,1,7,1,1,5,5,5,5,5,5,5,5,5,5,5,5,5,5.0,5.0,5.0,5.0,5.0,5.0,5.0,5.0,5.0,5.0,5.0,5.0,5.0,5.0,5.0,5.0,5.0,10.0,,لا يوجد,كل شيء ما علي ما يرام,Q256_4
استبانة تجربة المتعامل _ 2025 - ميدان,Customer Experience Survey _ 2025 - Tablet,3,,,3.0,,1,5,4,1,5,5,5,5,5,5,5,5,5,5,5,5,5,5.0,5.0,5.0,5.0,5.0,5.0,5.0,5.0,5.0,5.0,5.0,5.0,5.0,5.0,5.0,5.0,5.0,9.0,,Nothing,Everything is good,Q256_3
استبانة تجربة المتعامل _ 2025 - ميدان,Customer Experience Survey _ 2025 - Tablet,3,,,3.0,,1,7,3,3,5,5,5,3,5,4,5,4,4,5,5,5,5,5.0,5.0,5.0,4.0,4.0,5.0,4.0,4.0,4.0,5.0,5.0,5.0,5.0,5.0,5.0,5.0,5.0,10.0,,لايوجد سوى عدم وجود مظلات في مواقف السيارات,كل الأقسام ممتازة,Q256_3
استبانة تجربة المتعامل _ 2025 - ميدان,Customer Experience Survey _ 2025 - Tablet,3,,,3.0,,1,5,4,1,2,2,2,4,4,4,3,2,4,5,5,4,5,2.0,2.0,2.0,2.0,4.0,1.0,1.0,2.0,1.0,3.0,3.0,4.0,3.0,1.0,4.0,2.0,2.0,7.0,,المشكله الإجراءات تاخذ وقت طويل,.,Q256_3
استبانة تجربة المتعامل _ 2025 - ميدان,Customer Experience Survey _ 2025 - Tablet,3,,,3.0,,2,7,3,1,4,4,4,4,4,4,4,4,4,4,4,4,4,4.0,4.0,4.0,4.0,4.0,4.0,4.0,4.0,4.0,4.0,4.0,4.0,4.0,4.0,4.0,4.0,4.0,7.0,,لاشي,.,Q256_3
استبانة تجربة المتعامل _ 2025 - ميدان,Customer Experience Survey _ 2025 - Tablet,3,,,4.0,,1,7,3,3,4,4,4,3,5,3,5,4,5,4,3,4,4,4.0,4.0,5.0,5.0,4.0,4.0,5.0,4.0,4.0,4.0,4.0,5.0,5.0,5.0,5.0,4.0,5.0,10.0,,لايوجد,الانجاز السريع في المعاملة,Q256_4
استبانة تجربة المتعامل _ 2025 - ميدان,Customer Experience Survey _ 2025 - Tablet,3,,,3.0,,1,8,1,1,5,5,3,3,4,4,4,4,4,3,4,4,4,5.0,3.0,3.0,3.0,4.0,4.0,5.0,4.0,4.0,4.0,4.0,4.0,4.0,4.0,5.0,5.0,5.0,9.0,,عدم وجود مظلات بمواقف السيارات وازدحامها بعض الاوقات,المعاملة الجيدة,Q256_3
استبانة تجربة المتعامل _ 2025 - ميدان,Customer Experience Survey _ 2025 - Tablet,3,,,3.0,,1,7,3,3,3,3,5,4,5,4,4,3,4,5,5,5,5,5.0,4.0,4.0,5.0,3.0,5.0,5.0,5.0,3.0,4.0,4.0,5.0,5.0,5.0,4.0,5.0,5.0,8.0,,بعض الموظفين وعدم تعاونكم وعدم مساعدتهم ووجهي للنظام دون الاستفسار او الفهم منهم اولا رغم وجودي بالمكان,مريح نفسيا المكان وأرجو من القائمين علي المكان ان يعملوا علي زيادة الروح التعاونية بالمكان ليكون اكثر سلسة وارياحية,Q256_3
استبانة تجربة المتعامل _ 2025 - ميدان,Customer Experience Survey _ 2025 - Tablet,3,,,4.0,,1,8,1,3,5,5,5,5,3,4,4,4,5,5,5,5,5,5.0,5.0,4.0,5.0,4.0,5.0,5.0,5.0,5.0,5.0,5.0,4.0,5.0,5.0,5.0,5.0,5.0,7.0,,عندم الدخول سريعا الي القاضي بزعم من رجل الأمن ان الاولولايه لاشخاص اخرين,خدمة العملاء,Q256_4
استبانة تجربة المتعامل _ 2025 - ميدان,Customer Experience Survey _ 2025 - Tablet,3,,,1.0,,1,8,1,1,5,5,5,5,5,5,5,5,5,5,5,5,4,5.0,5.0,5.0,4.0,5.0,5.0,5.0,5.0,5.0,5.0,5.0,5.0,5.0,5.0,5.0,5.0,5.0,10.0,,لايوجد,التعامل الراقي,Q256_1
استبانة تجربة المتعامل _ 2025 - ميدان,Customer Experience Survey _ 2025 - Tablet,3,,,3.0,,1,7,1,1,5,5,5,5,5,5,5,5,5,5,5,5,5,5.0,5.0,5.0,5.0,5.0,5.0,5.0,5.0,5.0,5.0,4.0,4.0,5.0,5.0,5.0,5.0,5.0,10.0,,لايوجد,السرعة,Q256_3
استبانة تجربة المتعامل _ 2025 - ميدان,Customer Experience Survey _ 2025 - Tablet,3,,,3.0,,1,7,3,3,5,5,3,5,5,5,5,5,5,5,5,5,5,5.0,5.0,5.0,5.0,5.0,5.0,5.0,5.0,5.0,5.0,3.0,5.0,5.0,5.0,5.0,5.0,5.0,9.0,,لايوجد,تسهيل المعاملات من خلال الدفع النقدي عبر ماكينة الدفع,Q256_3
استبانة تجربة المتعامل _ 2025 - ميدان,Customer Experience Survey _ 2025 - Tablet,3,,,2.0,,1,7,3,3,5,5,5,5,5,5,5,5,5,5,5,5,5,5.0,5.0,5.0,4.0,5.0,3.0,5.0,5.0,5.0,5.0,4.0,4.0,5.0,5.0,5.0,4.0,5.0,10.0,,لا يوجد,الموظفين وبشاشتهم,Q256_2
استبانة تجربة المتعامل _ 2025 - ميدان,Customer Experience Survey _ 2025 - Tablet,3,,,1.0,,1,7,1,1,5,5,5,5,5,5,5,5,5,5,5,5,5,5.0,5.0,5.0,5.0,5.0,5.0,5.0,5.0,5.0,5.0,5.0,5.0,5.0,5.0,5.0,5.0,5.0,10.0,,لايوجد,السرعة وحسن التجاوب,Q256_1
استبانة تجربة المتعامل _ 2025 - ميدان,Customer Experience Survey _ 2025 - Tablet,3,,,2.0,,1,7,1,1,4,4,5,4,5,5,5,5,5,5,5,5,5,5.0,5.0,5.0,5.0,5.0,5.0,5.0,5.0,5.0,5.0,5.0,5.0,5.0,5.0,5.0,5.0,5.0,10.0,,لا يوجد,الاستقبال والمعاملة,Q256_2
استبانة تجربة المتعامل _ 2025 - ميدان,Customer Experience Survey _ 2025 - Tablet,3,,,1.0,,2,8,4,1,5,5,5,5,5,5,5,5,5,5,5,5,5,5.0,5.0,5.0,5.0,5.0,5.0,5.0,5.0,5.0,4.0,5.0,5.0,5.0,5.0,5.0,5.0,5.0,10.0,,Nothing,Everything is ok,Q256_1
استبانة تجربة المتعامل _ 2025 - ميدان,Customer Experience Survey _ 2025 - Tablet,3,,,3.0,,1,7,3,3,5,4,4,4,3,4,4,4,4,4,4,4,4,4.0,4.0,4.0,4.0,4.0,4.0,4.0,5.0,5.0,5.0,5.0,5.0,5.0,5.0,5.0,5.0,5.0,10.0,,لا يوجد,دائما احضر للمركز واجد تعاون وسرعة من الموظفين,Q256_3
استبانة تجربة المتعامل _ 2025 - ميدان,Customer Experience Survey _ 2025 - Tablet,3,,,2.0,,1,7,3,3,4,4,4,4,4,4,4,4,4,4,4,4,4,4.0,4.0,4.0,4.0,4.0,4.0,4.0,5.0,4.0,4.0,4.0,4.0,5.0,4.0,4.0,4.0,5.0,10.0,,رجاء العمل علي التعاون مع وسيطك لتقليل الأخطاء عند الإدخال علي النظام من قبلهم حتى لا يتم الرجوع مرة ثانيه للمعامله,التعاون,Q256_2
استبانة تجربة المتعامل _ 2025 - ميدان,Customer Experience Survey _ 2025 - Tablet,3,,,2.0,,1,5,4,1,4,4,4,4,4,4,4,4,4,4,4,4,3,4.0,4.0,4.0,4.0,4.0,4.0,4.0,4.0,4.0,4.0,3.0,3.0,4.0,3.0,4.0,4.0,4.0,10.0,,.,.,Q256_2
استبانة تجربة المتعامل _ 2025 - ميدان,Customer Experience Survey _ 2025 - Tablet,3,,,3.0,,1,7,3,1,4,4,5,5,5,5,5,5,5,5,5,5,5,5.0,5.0,5.0,5.0,5.0,5.0,5.0,5.0,5.0,5.0,5.0,4.0,5.0,5.0,5.0,5.0,5.0,10.0,,لا شي ازعجني بالعكس تماما افضل خدمات وسلامه,الخدمات كتير كويسه وبصراحه من افضلالشخصيات بالمكان الاستلذ عبدالمجيد احتراما واخلاقا كل شي كويس ومريح ومرني ومعلملهكتير طيبه,Q256_3
استبانة تجربة المتعامل _ 2025 - ميدان,Customer Experience Survey _ 2025 - Tablet,3,,,3.0,,2,7,1,3,3,4,4,1,4,2,4,2,4,1,4,4,2,2.0,3.0,3.0,3.0,4.0,4.0,3.0,3.0,3.0,5.0,4.0,4.0,4.0,4.0,3.0,3.0,3.0,7.0,,تعامل بعض الموظفات أسلوب متعالي بعض الشي . باركنات غير جيدة . ريحه المبنى غير لطيفه أحيانا .، تأخر في الرد على الواتس انا كامحاميه احتاج أمور مستعجله .,الموظفين الرجال اكثر سلامه ولطف في الاسلوب,Q256_3
استبانة تجربة المتعامل _ 2025 - ميدان,Customer Experience Survey _ 2025 - Tablet,3,,,3.0,,2,8,6,2,5,5,5,5,5,5,5,5,5,5,5,5,5,5.0,5.0,5.0,5.0,5.0,5.0,5.0,5.0,5.0,5.0,5.0,5.0,5.0,5.0,5.0,5.0,5.0,10.0,,Nothing,We come here many times and the service is so good,Q256_3
استبانة تجربة المتعامل _ 2025 - ميدان,Customer Experience Survey _ 2025 - Tablet,3,,,3.0,,1,7,3,3,5,5,5,5,5,5,5,4,5,5,5,5,5,5.0,5.0,4.0,3.0,5.0,3.0,5.0,3.0,3.0,5.0,4.0,5.0,5.0,5.0,5.0,5.0,5.0,8.0,,الانتظار لبعض الوقت لالنتظار الموظف المختص,الموظفين وتعاملاتهم,Q256_3
استبانة تجربة المتعامل _ 2025 - ميدان,Customer Experience Survey _ 2025 - Tablet,3,,,3.0,,1,7,3,1,5,5,5,3,5,5,5,5,5,5,5,5,5,5.0,5.0,5.0,5.0,5.0,4.0,4.0,4.0,4.0,5.0,4.0,4.0,4.0,4.0,4.0,4.0,4.0,10.0,,لا شي,الاستقبال والسرعة والنظافة,Q256_3
استبانة تجربة المتعامل _ 2025 - ميدان,Customer Experience Survey _ 2025 - Tablet,3,,,2.0,,2,7,3,1,4,4,4,4,5,4,4,5,4,4,4,4,4,4.0,4.0,4.0,4.0,3.0,4.0,4.0,4.0,4.0,4.0,3.0,5.0,5.0,5.0,5.0,5.0,4.0,10.0,,لا شي,الاستقبال المريح,Q256_2
استبانة تجربة المتعامل _ 2025 - ميدان,Customer Experience Survey _ 2025 - Tablet,3,,,3.0,,1,7,3,1,5,4,3,5,5,5,5,4,5,5,5,4,4,4.0,4.0,4.0,4.0,4.0,4.0,4.0,4.0,4.0,4.0,5.0,4.0,4.0,4.0,4.0,4.0,4.0,8.0,,الزحمة والانتظار,الترتيب والنظافة,Q256_3
استبانة تجربة المتعامل _ 2025 - ميدان,Customer Experience Survey _ 2025 - Tablet,3,,,3.0,,1,7,3,3,4,3,4,4,4,4,4,4,4,4,4,3,5,5.0,5.0,5.0,5.0,5.0,5.0,5.0,5.0,5.0,5.0,5.0,5.0,5.0,5.0,5.0,5.0,5.0,9.0,,لايوجد,موظفين التنفيذ متعاونين وسريعين,Q256_3
استبانة تجربة المتعامل _ 2025 - ميدان,Customer Experience Survey _ 2025 - Tablet,3,,,2.0,,1,5,1,1,4,4,3,3,5,4,4,5,5,5,5,3,5,4.0,4.0,4.0,4.0,4.0,4.0,4.0,4.0,4.0,4.0,4.0,4.0,4.0,4.0,4.0,4.0,4.0,10.0,,لايوجد,الترحاب,Q256_2
استبانة تجربة المتعامل _ 2025 - ميدان,Customer Experience Survey _ 2025 - Tablet,3,,,1.0,,1,5,2,1,4,4,4,4,4,4,4,4,4,4,4,3,4,5.0,5.0,5.0,5.0,4.0,3.0,4.0,3.0,3.0,4.0,5.0,5.0,5.0,5.0,5.0,5.0,5.0,8.0,,الانتظار,المكان والاستقبال,Q256_1
استبانة تجربة المتعامل _ 2025 - ميدان,Customer Experience Survey _ 2025 - Tablet,3,,,3.0,,1,7,3,1,3,3,5,4,4,4,4,5,3,3,5,3,3,4.0,3.0,3.0,3.0,3.0,2.0,3.0,3.0,3.0,5.0,4.0,4.0,4.0,3.0,5.0,3.0,3.0,5.0,,عدم الوضوح في سرد المعلومات من موظفي خدمة العملاء ولا يوجد تحديث علي النظام بشأن المعاملة فاضطر للذهاب الي خدمة ال iT لعمل التحديث واعود مرة أخرى لاستكمال المعاملة مما يجعله هدر للوقت,المكان نظيف وسهل الوصول اليه,Q256_3
استبانة تجربة المتعامل _ 2025 - ميدان,Customer Experience Survey _ 2025 - Tablet,3,,,3.0,,1,7,3,3,4,4,3,3,4,4,5,5,5,4,5,4,4,4.0,3.0,4.0,4.0,5.0,4.0,4.0,4.0,3.0,3.0,3.0,3.0,4.0,5.0,4.0,4.0,4.0,8.0,,البطىء في إجراءات ماقبل التنفيذ ومواقف السيارات المزدحمة,الاستقبال,Q256_3
استبانة تجربة المتعامل _ 2025 - ميدان,Customer Experience Survey _ 2025 - Tablet,3,,,2.0,,1,8,3,3,5,4,4,4,4,5,4,4,5,5,5,3,5,4.0,4.0,4.0,4.0,4.0,4.0,4.0,3.0,4.0,4.0,4.0,4.0,5.0,5.0,4.0,5.0,5.0,9.0,,الانتظار,التعامل المحترم,Q256_2
استبانة تجربة المتعامل _ 2025 - ميدان,Customer Experience Survey _ 2025 - Tablet,3,,,2.0,,1,7,3,3,4,5,4,5,5,5,4,5,5,5,5,5,4,5.0,4.0,4.0,4.0,3.0,4.0,4.0,4.0,4.0,5.0,4.0,4.0,5.0,4.0,4.0,4.0,4.0,8.0,,لا شي,انه لا يوجد زحام,Q256_2
استبانة تجربة المتعامل _ 2025 - ميدان,Customer Experience Survey _ 2025 - Tablet,3,,,4.0,,1,7,1,1,5,4,3,2,5,5,5,5,5,4,5,3,4,4.0,4.0,3.0,3.0,3.0,4.0,4.0,4.0,4.0,5.0,3.0,3.0,3.0,4.0,5.0,3.0,3.0,6.0,,الانتظار الطويل والإجراءات تاخد وقت,لا شي,Q256_4
استبانة تجربة المتعامل _ 2025 - ميدان,Customer Experience Survey _ 2025 - Tablet,3,,,2.0,,2,7,1,1,5,5,4,5,4,4,5,5,5,5,4,4,4,4.0,4.0,4.0,5.0,4.0,4.0,4.0,4.0,5.0,5.0,5.0,4.0,4.0,4.0,4.0,4.0,4.0,10.0,,لايوجد,النظام الموجود والاستقبال,Q256_2
استبانة تجربة المتعامل _ 2025 - ميدان,Customer Experience Survey _ 2025 - Tablet,3,,,3.0,,1,7,1,1,5,5,4,3,4,4,4,4,4,4,4,4,4,5.0,4.0,4.0,4.0,4.0,5.0,5.0,5.0,3.0,3.0,3.0,5.0,5.0,5.0,5.0,4.0,4.0,8.0,,الانتظار الطويل في المرحلة الأخيرة,الموظفين,Q256_3
استبانة تجربة المتعامل _ 2025 - ميدان,Customer Experience Survey _ 2025 - Tablet,3,,,3.0,,1,7,1,1,5,5,5,3,5,5,5,5,5,5,5,3,5,5.0,5.0,5.0,4.0,4.0,4.0,4.0,4.0,3.0,5.0,3.0,5.0,5.0,5.0,5.0,4.0,4.0,8.0,,زيادة الرسوم والانتظار ومواقف السيارات,التعامل,Q256_3
استبانة تجربة المتعامل _ 2025 - ميدان,Customer Experience Survey _ 2025 - Tablet,3,,,3.0,,1,7,3,3,3,3,4,5,4,4,3,3,3,3,4,4,4,3.0,4.0,4.0,3.0,3.0,4.0,4.0,4.0,4.0,4.0,4.0,4.0,4.0,4.0,4.0,4.0,4.0,9.0,,الإجراءات في القضايا بطئ لحد ما,التعامل,Q256_3
استبانة تجربة المتعامل _ 2025 - ميدان,Customer Experience Survey _ 2025 - Tablet,3,,,2.0,,1,7,1,1,5,5,5,5,5,5,5,5,5,5,5,5,5,5.0,5.0,5.0,5.0,5.0,5.0,5.0,5.0,5.0,5.0,5.0,5.0,5.0,5.0,5.0,5.0,5.0,10.0,,Nothing,Everything is perfect,Q256_2
استبانة تجربة المتعامل _ 2025 - ميدان,Customer Experience Survey _ 2025 - Tablet,3,,,4.0,,1,7,3,1,5,4,3,5,5,5,5,5,5,5,5,4,5,5.0,5.0,4.0,4.0,3.0,3.0,4.0,4.0,4.0,4.0,2.0,4.0,4.0,4.0,4.0,4.0,4.0,10.0,,بطئ الإجراءات وان الرسوم علي خدمة الاون لاين كثيرة  وعدم الرد علي التليفونات والواتس اب,التعامل مع الموظفين,Q256_4
استبانة تجربة المتعامل _ 2025 - ميدان,Customer Experience Survey _ 2025 - Tablet,3,,,3.0,,2,8,4,1,5,5,5,5,5,5,5,5,5,5,5,5,5,5.0,5.0,5.0,5.0,5.0,5.0,5.0,5.0,5.0,5.0,5.0,5.0,5.0,5.0,5.0,5.0,5.0,10.0,,Nothing,Everything here makes me happy,Q256_3
استبانة تجربة المتعامل _ 2025 - ميدان,Customer Experience Survey _ 2025 - Tablet,3,,,3.0,,1,5,4,1,4,4,4,5,5,5,4,5,4,5,5,5,5,5.0,5.0,5.0,5.0,5.0,5.0,5.0,5.0,5.0,5.0,5.0,5.0,4.0,4.0,5.0,5.0,5.0,10.0,,Nothing,Customer services,Q256_3
استبانة تجربة المتعامل _ 2025 - ميدان,Customer Experience Survey _ 2025 - Tablet,3,,,1.0,,1,7,1,1,5,4,4,4,4,4,4,5,4,4,5,3,5,5.0,5.0,4.0,5.0,5.0,5.0,5.0,5.0,5.0,5.0,3.0,5.0,5.0,5.0,5.0,5.0,5.0,9.0,,تغيير بعض الرسوم وزيادتها,الدقة والتعامل,Q256_1
استبانة تجربة المتعامل _ 2025 - ميدان,Customer Experience Survey _ 2025 - Tablet,3,,,3.0,,1,7,3,1,5,5,5,5,5,5,5,5,4,5,5,5,5,5.0,5.0,5.0,5.0,5.0,5.0,5.0,5.0,5.0,5.0,5.0,5.0,5.0,5.0,5.0,5.0,5.0,9.0,,يرجى جمع جميع المبالغ المراد دفعها في معاملة واحدة لدفعها بشكل اسرع ومرة واحدة فقط,السرعة,Q256_3
استبانة تجربة المتعامل _ 2025 - ميدان,Customer Experience Survey _ 2025 - Tablet,3,,,4.0,,1,7,3,3,3,5,5,3,5,5,5,5,5,5,5,5,5,4.0,4.0,4.0,4.0,4.0,4.0,4.0,4.0,4.0,4.0,3.0,5.0,4.0,4.0,4.0,4.0,4.0,8.0,,مواقف السيارات غير مظللة,لا يوجد زحام,Q256_4
استبانة تجربة المتعامل _ 2025 - ميدان,Customer Experience Survey _ 2025 - Tablet,3,,,4.0,,1,7,3,3,5,4,5,4,5,4,5,5,5,4,5,5,5,5.0,5.0,4.0,4.0,4.0,4.0,5.0,4.0,4.0,4.0,4.0,4.0,5.0,5.0,5.0,5.0,5.0,9.0,,لا يوجد,النظام والدقه وسرعة الانجاز,Q256_4
استبانة تجربة المتعامل _ 2025 - ميدان,Customer Experience Survey _ 2025 - Tablet,3,,,3.0,,1,7,3,1,5,5,4,4,4,4,4,4,4,5,4,4,5,4.0,5.0,5.0,5.0,5.0,5.0,5.0,5.0,5.0,5.0,5.0,5.0,4.0,5.0,5.0,5.0,5.0,9.0,,لا شي,التفاهم من قبل الموظفين,Q256_3
استبانة تجربة المتعامل _ 2025 - ميدان,Customer Experience Survey _ 2025 - Tablet,3,,,3.0,,1,7,3,3,5,5,5,5,5,5,5,5,5,5,5,5,5,5.0,5.0,5.0,5.0,5.0,5.0,5.0,5.0,4.0,5.0,5.0,5.0,4.0,5.0,5.0,5.0,5.0,10.0,,لا شي,الموظفين,Q256_3
استبانة تجربة المتعامل _ 2025 - ميدان,Customer Experience Survey _ 2025 - Tablet,3,,,3.0,,1,8,1,1,3,4,4,3,4,3,5,4,5,4,5,3,5,5.0,4.0,4.0,5.0,5.0,5.0,5.0,5.0,5.0,5.0,3.0,4.0,5.0,4.0,4.0,4.0,4.0,8.0,,التاخير,المكان والترتيب,Q256_3
استبانة تجربة المتعامل _ 2025 - ميدان,Customer Experience Survey _ 2025 - Tablet,3,,,3.0,,1,7,1,1,5,5,5,3,4,4,4,5,5,5,4,4,5,5.0,5.0,5.0,5.0,4.0,4.0,4.0,4.0,4.0,4.0,3.0,4.0,4.0,5.0,4.0,4.0,3.0,8.0,,رفض القاضي لمقابلة بدون سبب واضح,المعاملة من قبل الموظفين بها سلسة,Q256_3
استبانة تجربة المتعامل _ 2025 - ميدان,Customer Experience Survey _ 2025 - Tablet,3,,,3.0,,1,7,3,1,5,5,5,5,4,5,4,4,5,3,4,5,5,3.0,4.0,5.0,4.0,4.0,5.0,4.0,4.0,4.0,4.0,4.0,4.0,4.0,4.0,5.0,5.0,5.0,10.0,,لا يوجد,التعامل مع الموظفين,Q256_3
استبانة تجربة المتعامل _ 2025 - ميدان,Customer Experience Survey _ 2025 - Tablet,3,,,4.0,,1,7,1,1,5,5,5,5,5,5,5,5,5,5,5,5,5,5.0,5.0,4.0,5.0,5.0,5.0,5.0,4.0,5.0,5.0,5.0,5.0,5.0,4.0,5.0,5.0,5.0,8.0,,لايوجد,التعاون,Q256_4
استبانة تجربة المتعامل _ 2025 - ميدان,Customer Experience Survey _ 2025 - Tablet,3,,,2.0,,1,7,3,3,5,5,5,5,5,5,4,5,5,5,4,5,5,5.0,4.0,4.0,4.0,4.0,4.0,4.0,5.0,4.0,5.0,4.0,3.0,4.0,4.0,4.0,4.0,4.0,9.0,,لايوجد,الاحترام والانجاز,Q256_2
استبانة تجربة المتعامل _ 2025 - ميدان,Customer Experience Survey _ 2025 - Tablet,3,,,1.0,,1,7,3,3,4,4,4,4,4,4,4,4,4,4,5,3,5,5.0,4.0,3.0,3.0,3.0,4.0,3.0,4.0,3.0,4.0,4.0,5.0,5.0,5.0,5.0,4.0,4.0,9.0,,التنقل بين المركز ووسيطك كثيرا يرجى العمل علي دمج المجانين او موظف يكون متوفر من وسيبك هنا بالمركز للانجاز,الاحترام والموظفين,Q256_1
استبانة تجربة المتعامل _ 2025 - ميدان,Customer Experience Survey _ 2025 - Tablet,3,,,3.0,,2,7,1,3,2,3,4,3,4,4,4,4,4,4,4,2,5,4.0,2.0,2.0,2.0,3.0,3.0,3.0,3.0,4.0,5.0,4.0,4.0,4.0,4.0,4.0,4.0,4.0,7.0,,اما قسم التنفيذ فاجراءاتهم بطيئة ولا يجيدون التحديث الواقعي ويطلبون التحدث من خلال خدمة الاونلاين  والواتساب رغم وجودي بالمركز,الموظفين في الأقسام الحسابات والطلبات اكثر تعاون,Q256_3
استبانة تجربة المتعامل _ 2025 - ميدان,Customer Experience Survey _ 2025 - Tablet,3,,,2.0,,1,7,3,3,5,5,5,5,5,5,5,5,5,4,4,4,4,5.0,4.0,4.0,5.0,4.0,4.0,4.0,5.0,5.0,5.0,4.0,5.0,5.0,4.0,4.0,4.0,4.0,9.0,,لايوجد,التعامل الراقي,Q256_2
استبانة تجربة المتعامل _ 2025 - ميدان,Customer Experience Survey _ 2025 - Tablet,3,,,2.0,,1,7,1,1,5,4,4,3,4,4,4,5,5,5,4,4,5,4.0,4.0,4.0,4.0,4.0,4.0,4.0,4.0,4.0,3.0,5.0,5.0,5.0,4.0,4.0,4.0,4.0,10.0,,لا شي,المكان مريح,Q256_2
استبانة تجربة المتعامل _ 2025 - ميدان,Customer Experience Survey _ 2025 - Tablet,3,,,2.0,,1,7,3,3,5,5,5,5,4,5,5,5,4,4,5,5,5,5.0,5.0,5.0,5.0,4.0,4.0,4.0,4.0,4.0,5.0,3.0,5.0,4.0,4.0,4.0,4.0,4.0,9.0,,احيانا بعض الموظفين قلة منهم وليس جميعهم  يتكلمون ببعض التعالي وايضا زيادة سعر الطلب الي مائتين درهم,المعاملة الطيبة من موظفي الطلبات القضائية,Q256_2
استبانة تجربة المتعامل _ 2025 - ميدان,Customer Experience Survey _ 2025 - Tablet,3,,,3.0,,1,7,3,1,4,4,4,3,5,5,3,4,4,4,4,3,4,4.0,4.0,4.0,4.0,3.0,4.0,3.0,5.0,5.0,5.0,4.0,4.0,5.0,5.0,4.0,4.0,4.0,8.0,,بطئ الإجراءات عند الموظفين,المكان نظيف والضيافة,Q256_3
استبانة تجربة المتعامل _ 2025 - ميدان,Customer Experience Survey _ 2025 - Tablet,3,,,3.0,,1,7,3,3,5,5,5,3,5,5,5,5,5,5,5,5,5,5.0,4.0,5.0,5.0,4.0,4.0,4.0,4.0,4.0,5.0,4.0,4.0,4.0,4.0,4.0,4.0,4.0,10.0,,لا شيء,المكان مريح والتعامل,Q256_3
استبانة تجربة المتعامل _ 2025 - ميدان,Customer Experience Survey _ 2025 - Tablet,3,,,2.0,,1,7,3,3,5,4,5,4,4,5,5,5,5,5,5,5,5,5.0,4.0,5.0,5.0,4.0,4.0,4.0,5.0,4.0,4.0,4.0,4.0,5.0,4.0,5.0,5.0,4.0,10.0,,لايوجد,البساطة والتعاون حيث انني قادم من دبي واجد سهولة ويسر في التعاملات,Q256_2
استبانة تجربة المتعامل _ 2025 - ميدان,Customer Experience Survey _ 2025 - Tablet,3,,,3.0,,2,8,3,1,4,4,4,4,4,4,4,4,4,4,5,4,4,4.0,4.0,3.0,4.0,4.0,4.0,4.0,4.0,4.0,5.0,4.0,4.0,3.0,3.0,4.0,4.0,4.0,8.0,,يرجى العمل علي استعجال تنفيذ القرارات القضائية,التعاون,Q256_3
استبانة تجربة المتعامل _ 2025 - ميدان,Customer Experience Survey _ 2025 - Tablet,3,,,2.0,,1,7,3,3,5,5,5,5,4,5,4,5,5,5,5,5,5,5.0,5.0,5.0,5.0,5.0,5.0,5.0,4.0,5.0,5.0,5.0,4.0,5.0,4.0,4.0,5.0,5.0,10.0,,لاشي,المعاملة,Q256_2
استبانة تجربة المتعامل _ 2025 - ميدان,Customer Experience Survey _ 2025 - Tablet,3,,,3.0,,1,7,1,1,5,4,4,3,4,4,4,4,5,4,5,4,5,5.0,5.0,5.0,4.0,4.0,5.0,5.0,5.0,5.0,5.0,5.0,5.0,5.0,5.0,5.0,5.0,4.0,10.0,,لا شي,التعامل الجيد,Q256_3
استبانة تجربة المتعامل _ 2025 - ميدان,Customer Experience Survey _ 2025 - Tablet,3,,,1.0,,1,7,4,3,5,4,4,5,4,4,4,4,4,4,4,4,4,4.0,4.0,4.0,4.0,4.0,4.0,4.0,4.0,4.0,4.0,4.0,4.0,4.0,4.0,4.0,5.0,5.0,9.0,,Nothing,Everything is good,Q256_1
استبانة تجربة المتعامل _ 2025 - ميدان,Customer Experience Survey _ 2025 - Tablet,3,,,1.0,,1,5,4,1,4,4,4,4,4,4,4,4,4,4,4,4,4,4.0,4.0,4.0,4.0,4.0,4.0,4.0,4.0,5.0,4.0,4.0,4.0,4.0,4.0,4.0,4.0,4.0,10.0,,Nothing,Customer service,Q256_1
استبانة تجربة المتعامل _ 2025 - ميدان,Customer Experience Survey _ 2025 - Tablet,3,,,2.0,,1,7,3,1,3,4,3,3,4,3,4,4,4,4,5,3,4,4.0,4.0,4.0,4.0,4.0,4.0,4.0,4.0,4.0,4.0,3.0,5.0,5.0,3.0,4.0,4.0,4.0,8.0,,الانتظار وزيادة الرسوم,المركز منظم وهادي,Q256_2
استبانة تجربة المتعامل _ 2025 - ميدان,Customer Experience Survey _ 2025 - Tablet,3,,,3.0,,1,7,3,1,4,4,4,4,4,4,4,4,4,4,5,4,5,5.0,5.0,5.0,5.0,5.0,5.0,4.0,4.0,5.0,5.0,4.0,4.0,5.0,5.0,5.0,5.0,5.0,10.0,,لايوجد,السرعة والدقة,Q256_3
استبانة تجربة المتعامل _ 2025 - ميدان,Customer Experience Survey _ 2025 - Tablet,3,,,2.0,,1,7,3,1,5,4,5,5,5,5,5,5,5,5,5,5,5,4.0,4.0,5.0,4.0,5.0,5.0,5.0,5.0,5.0,5.0,5.0,5.0,5.0,5.0,5.0,5.0,5.0,10.0,,لا شي,الموظفين متعاونين,Q256_2
استبانة تجربة المتعامل _ 2025 - ميدان,Customer Experience Survey _ 2025 - Tablet,3,,,3.0,,1,7,3,3,3,3,2,4,5,4,4,4,4,4,4,4,4,4.0,4.0,4.0,4.0,4.0,4.0,4.0,4.0,4.0,4.0,4.0,4.0,4.0,4.0,4.0,4.0,4.0,8.0,,لاشي,تعاون الموظفين,Q256_3
استبانة تجربة المتعامل _ 2025 - ميدان,Customer Experience Survey _ 2025 - Tablet,3,,,3.0,,2,7,3,1,4,4,4,3,4,4,4,4,4,4,4,4,4,4.0,4.0,4.0,4.0,4.0,4.0,4.0,4.0,4.0,4.0,4.0,4.0,4.0,4.0,4.0,4.0,4.0,8.0,,_,_,Q256_3
استبانة تجربة المتعامل _ 2025 - ميدان,Customer Experience Survey _ 2025 - Tablet,3,,,3.0,,1,5,1,1,4,4,4,4,4,4,4,4,4,4,4,3,4,4.0,4.0,4.0,4.0,2.0,3.0,4.0,2.0,3.0,4.0,4.0,4.0,4.0,3.0,3.0,4.0,4.0,9.0,,تنقل من موظف لموظف,_,Q256_3
استبانة تجربة المتعامل _ 2025 - ميدان,Customer Experience Survey _ 2025 - Tablet,3,,,3.0,,1,5,1,1,4,4,4,3,4,4,4,4,4,4,4,4,4,4.0,4.0,4.0,4.0,3.0,3.0,4.0,3.0,3.0,4.0,4.0,4.0,4.0,3.0,3.0,4.0,4.0,9.0,,عدم توفر موقف,تعامل الموظف,Q256_3
استبانة تجربة المتعامل _ 2025 - ميدان,Customer Experience Survey _ 2025 - Tablet,3,,,2.0,,1,7,3,1,3,3,4,3,4,4,4,4,4,4,4,4,4,4.0,4.0,4.0,4.0,4.0,4.0,4.0,3.0,3.0,4.0,3.0,4.0,4.0,4.0,3.0,4.0,4.0,7.0,,تواصل معهم على الواتس وكان الرد لا يوجد طلب وعنده حضوره وجد الأوراق جاهزه,تعامل الموظفه,Q256_2
استبانة تجربة المتعامل _ 2025 - ميدان,Customer Experience Survey _ 2025 - Tablet,3,,,3.0,,1,7,3,1,4,4,1,3,4,4,4,4,4,4,4,3,4,4.0,4.0,4.0,4.0,2.0,4.0,4.0,2.0,3.0,4.0,2.0,4.0,4.0,4.0,3.0,4.0,2.0,8.0,,عدم تنفيذ الاجراء كما موجود بالاوراق,_,Q256_3
استبانة تجربة المتعامل _ 2025 - ميدان,Customer Experience Survey _ 2025 - Tablet,3,,,3.0,,1,5,1,1,4,4,4,3,4,4,4,4,4,4,4,4,4,2.0,2.0,2.0,2.0,3.0,4.0,4.0,4.0,3.0,4.0,2.0,4.0,4.0,3.0,3.0,2.0,2.0,5.0,,عدم تعاون الموظفين,لاشي,Q256_3
استبانة تجربة المتعامل _ 2025 - ميدان,Customer Experience Survey _ 2025 - Tablet,3,,,3.0,,1,7,3,1,4,4,4,4,4,4,4,4,4,4,4,4,4,4.0,4.0,4.0,4.0,4.0,4.0,4.0,2.0,3.0,4.0,4.0,4.0,4.0,4.0,4.0,4.0,4.0,9.0,,لاشي,تعامل الموظفين,Q256_3
استبانة تجربة المتعامل _ 2025 - ميدان,Customer Experience Survey _ 2025 - Tablet,3,,,3.0,,1,7,3,1,4,4,2,2,4,4,4,4,4,4,4,4,4,4.0,4.0,4.0,4.0,3.0,4.0,4.0,3.0,3.0,4.0,1.0,4.0,4.0,3.0,2.0,4.0,2.0,8.0,,رسوم الخدمه,تعامل الموظفه,Q256_3
استبانة تجربة المتعامل _ 2025 - ميدان,Customer Experience Survey _ 2025 - Tablet,3,,,4.0,,1,7,3,3,4,4,4,1,4,4,4,4,4,4,4,4,4,4.0,4.0,4.0,4.0,4.0,4.0,4.0,4.0,4.0,4.0,4.0,4.0,4.0,4.0,3.0,4.0,4.0,8.0,,عدم توفر مواقف,سياسه التعامل,Q256_4
استبانة تجربة المتعامل _ 2025 - ميدان,Customer Experience Survey _ 2025 - Tablet,3,,,3.0,,1,5,1,1,4,4,4,4,5,4,4,4,4,4,4,4,4,4.0,4.0,4.0,3.0,4.0,4.0,4.0,2.0,2.0,4.0,4.0,4.0,4.0,3.0,2.0,4.0,4.0,9.0,,لاشي,تعامل الموظفين,Q256_3
استبانة تجربة المتعامل _ 2025 - ميدان,Customer Experience Survey _ 2025 - Tablet,3,,,4.0,,1,7,3,1,4,4,4,3,4,4,4,4,4,4,4,1,4,3.0,2.0,2.0,2.0,2.0,2.0,2.0,2.0,2.0,4.0,3.0,4.0,3.0,3.0,3.0,2.0,2.0,6.0,,تحويله من قسم لقسم وعدم انجاز المعامله,_,Q256_4
استبانة تجربة المتعامل _ 2025 - ميدان,Customer Experience Survey _ 2025 - Tablet,3,,,3.0,,2,7,3,1,4,4,2,4,4,4,4,4,4,4,4,4,4,4.0,4.0,4.0,4.0,2.0,4.0,4.0,3.0,4.0,4.0,4.0,4.0,4.0,4.0,3.0,4.0,4.0,8.0,,_,_,Q256_3
استبانة تجربة المتعامل _ 2025 - ميدان,Customer Experience Survey _ 2025 - Tablet,3,,,2.0,,1,7,3,3,4,4,1,2,4,4,4,4,4,4,4,2,4,4.0,2.0,2.0,3.0,2.0,3.0,2.0,2.0,2.0,4.0,1.0,4.0,3.0,3.0,3.0,2.0,1.0,2.0,,عدم انجاز المعامله / عدم استرداد المبالغ في حال رفض الطلب,لاشي,Q256_2
استبانة تجربة المتعامل _ 2025 - ميدان,Customer Experience Survey _ 2025 - Tablet,3,,,3.0,,2,7,1,1,4,4,4,4,4,4,4,4,4,4,4,4,4,4.0,4.0,4.0,4.0,4.0,4.0,4.0,4.0,4.0,4.0,4.0,4.0,4.0,3.0,3.0,4.0,4.0,8.0,,_,_,Q256_3
استبانة تجربة المتعامل _ 2025 - ميدان,Customer Experience Survey _ 2025 - Tablet,3,,,3.0,,1,7,3,3,4,4,4,2,4,4,4,4,4,4,4,4,4,4.0,4.0,4.0,4.0,4.0,4.0,4.0,3.0,4.0,4.0,2.0,4.0,4.0,3.0,3.0,4.0,4.0,9.0,,عدم توفر مواقف,تعامل الموظفين,Q256_3
استبانة تجربة المتعامل _ 2025 - ميدان,Customer Experience Survey _ 2025 - Tablet,3,,,3.0,,1,5,4,1,4,4,4,4,4,4,4,4,4,4,4,4,4,4.0,4.0,4.0,4.0,4.0,4.0,4.0,4.0,4.0,4.0,4.0,4.0,4.0,4.0,3.0,4.0,4.0,8.0,,لاشي,_,Q256_3
استبانة تجربة المتعامل _ 2025 - ميدان,Customer Experience Survey _ 2025 - Tablet,3,,,3.0,,1,8,4,3,4,4,4,4,4,4,4,3,4,4,4,4,4,4.0,4.0,4.0,4.0,4.0,4.0,4.0,4.0,4.0,4.0,4.0,3.0,4.0,4.0,4.0,4.0,4.0,9.0,,Nothing,_,Q256_3
استبانة تجربة المتعامل _ 2025 - ميدان,Customer Experience Survey _ 2025 - Tablet,3,,,3.0,,2,7,4,1,4,4,3,2,4,4,4,4,4,4,4,4,4,4.0,4.0,4.0,4.0,4.0,4.0,4.0,3.0,4.0,3.0,2.0,4.0,4.0,4.0,4.0,4.0,4.0,8.0,,_,_,Q256_3
استبانة تجربة المتعامل _ 2025 - ميدان,Customer Experience Survey _ 2025 - Tablet,3,,,4.0,,1,5,1,1,3,3,5,1,5,3,4,5,5,5,5,4,5,4.0,3.0,3.0,3.0,1.0,4.0,4.0,4.0,4.0,4.0,4.0,4.0,4.0,3.0,3.0,2.0,2.0,6.0,,الباركنات ?جدا متعبه، للحصول على أفاده بخصوص الأرض من اسبوعين أزور البلديه واغلب الأحيان الموظفه المسؤول غير موجودة وانتهت اجازتي من العمل ولم أنجز.,.,Q256_4
استبانة تجربة المتعامل _ 2025 - ميدان,Customer Experience Survey _ 2025 - Tablet,3,,,3.0,,1,5,1,1,4,4,4,4,4,4,4,4,4,4,4,4,4,4.0,4.0,4.0,4.0,4.0,4.0,4.0,4.0,4.0,4.0,3.0,4.0,4.0,4.0,4.0,4.0,4.0,8.0,,_,_,Q256_3
استبانة تجربة المتعامل _ 2025 - ميدان,Customer Experience Survey _ 2025 - Tablet,3,,,3.0,,2,7,1,1,4,4,2,4,2,4,4,4,4,4,4,4,4,4.0,4.0,4.0,4.0,4.0,4.0,4.0,4.0,4.0,4.0,4.0,4.0,4.0,2.0,2.0,4.0,4.0,8.0,,لا يتم الرد على الهاتف حضورها شخصيا كل شهر لاستلام المبلغ,_,Q256_3
استبانة تجربة المتعامل _ 2025 - ميدان,Customer Experience Survey _ 2025 - Tablet,3,,,3.0,,1,7,3,3,4,4,4,4,4,4,4,4,4,3,3,4,4,4.0,3.0,3.0,3.0,4.0,2.0,4.0,3.0,3.0,4.0,1.0,4.0,4.0,4.0,3.0,4.0,4.0,8.0,,موظفه وحده تشتغل والباقي لا,لاشي,Q256_3
استبانة تجربة المتعامل _ 2025 - ميدان,Customer Experience Survey _ 2025 - Tablet,3,,,3.0,,2,7,3,1,4,4,4,1,4,4,4,4,4,4,4,3,4,4.0,4.0,4.0,4.0,4.0,4.0,4.0,4.0,4.0,4.0,3.0,4.0,4.0,3.0,3.0,4.0,4.0,9.0,,لاشي,تعامل الموظف,Q256_3
استبانة تجربة المتعامل _ 2025 - ميدان,Customer Experience Survey _ 2025 - Tablet,3,,,3.0,,1,5,6,1,4,4,4,4,4,4,4,4,4,4,4,4,4,4.0,4.0,4.0,2.0,4.0,4.0,4.0,3.0,3.0,4.0,3.0,4.0,4.0,2.0,2.0,2.0,2.0,6.0,,The employee did not understand my language,Nothings,Q256_3
استبانة تجربة المتعامل _ 2025 - ميدان,Customer Experience Survey _ 2025 - Tablet,3,,,3.0,,2,7,3,1,4,4,4,4,4,4,4,4,4,4,4,3,4,4.0,4.0,4.0,4.0,4.0,4.0,4.0,4.0,4.0,4.0,4.0,4.0,4.0,4.0,4.0,4.0,4.0,10.0,,لاشي,تعامل الموظفين,Q256_3
استبانة تجربة المتعامل _ 2025 - ميدان,Customer Experience Survey _ 2025 - Tablet,3,,,3.0,,1,5,1,1,4,4,2,2,4,4,4,4,4,4,4,4,4,4.0,4.0,4.0,4.0,2.0,3.0,3.0,3.0,3.0,4.0,2.0,4.0,4.0,4.0,3.0,2.0,2.0,4.0,,لاشي,تعامل الموظفين,Q256_3
استبانة تجربة المتعامل _ 2025 - ميدان,Customer Experience Survey _ 2025 - Tablet,3,,,3.0,,1,5,1,1,4,4,4,1,4,4,4,4,4,4,4,4,4,4.0,4.0,4.0,4.0,4.0,3.0,4.0,4.0,4.0,4.0,2.0,4.0,4.0,4.0,2.0,4.0,2.0,9.0,,سخونه الصاله,تعامل الموظفين,Q256_3
استبانة تجربة المتعامل _ 2025 - ميدان,Customer Experience Survey _ 2025 - Tablet,3,,,3.0,,2,7,3,1,2,2,3,3,4,4,4,4,4,4,4,4,4,4.0,4.0,4.0,4.0,2.0,3.0,2.0,2.0,2.0,4.0,2.0,4.0,4.0,3.0,3.0,3.0,2.0,5.0,,التواصل الإلكتروني سيئ جداا وعدم الرد على الهاتف,تعامل الموظفه,Q256_3
استبانة تجربة المتعامل _ 2025 - ميدان,Customer Experience Survey _ 2025 - Tablet,3,,,3.0,,2,7,3,1,3,3,4,3,5,4,4,4,4,4,4,4,4,4.0,4.0,4.0,4.0,4.0,3.0,4.0,4.0,4.0,4.0,2.0,4.0,4.0,4.0,3.0,4.0,4.0,8.0,,لاشي,موقع المحكمه,Q256_3
استبانة تجربة المتعامل _ 2025 - ميدان,Customer Experience Survey _ 2025 - Tablet,3,,,1.0,,1,7,3,1,3,3,4,2,4,4,4,4,4,4,4,4,4,4.0,4.0,4.0,4.0,4.0,4.0,4.0,4.0,4.0,4.0,4.0,4.0,4.0,4.0,3.0,4.0,5.0,10.0,,عدم توفر المواقف,تعامل الموظفين,Q256_1
استبانة تجربة المتعامل _ 2025 - ميدان,Customer Experience Survey _ 2025 - Tablet,3,,,4.0,,1,7,3,1,3,3,2,2,3,4,4,4,4,4,4,3,4,4.0,4.0,4.0,4.0,4.0,4.0,4.0,4.0,4.0,4.0,1.0,4.0,4.0,2.0,2.0,2.0,2.0,5.0,,عدم توفر المواقف,تعامل الموظفين,Q256_4
استبانة تجربة المتعامل _ 2025 - ميدان,Customer Experience Survey _ 2025 - Tablet,3,,,3.0,,1,7,4,1,3,3,4,4,4,4,4,4,4,4,4,4,4,4.0,4.0,4.0,4.0,4.0,4.0,4.0,4.0,3.0,2.0,4.0,4.0,4.0,4.0,3.0,4.0,4.0,9.0,,Nothings,_,Q256_3
استبانة تجربة المتعامل _ 2025 - ميدان,Customer Experience Survey _ 2025 - Tablet,3,,,3.0,,1,5,1,1,4,4,4,4,4,4,4,4,4,4,3,4,4,4.0,4.0,4.0,4.0,2.0,2.0,4.0,2.0,2.0,4.0,4.0,4.0,4.0,4.0,3.0,4.0,4.0,9.0,,لاشي,تعامل الموظفين,Q256_3
استبانة تجربة المتعامل _ 2025 - ميدان,Customer Experience Survey _ 2025 - Tablet,3,,,3.0,,1,7,1,3,3,3,4,1,4,4,4,4,4,4,4,2,4,4.0,2.0,2.0,2.0,2.0,2.0,2.0,2.0,2.0,4.0,2.0,4.0,1.0,2.0,3.0,2.0,2.0,6.0,,عدم سير الإجراءات و وجود حاجز بين الموظف والعميل يمنع من التواصل بشكل جيد,لاشي,Q256_3
استبانة تجربة المتعامل _ 2025 - ميدان,Customer Experience Survey _ 2025 - Tablet,3,,,3.0,,1,5,1,1,3,3,4,4,4,4,4,4,4,4,4,4,4,4.0,4.0,4.0,4.0,4.0,2.0,4.0,4.0,4.0,4.0,4.0,4.0,4.0,3.0,2.0,4.0,4.0,10.0,,لاشي,تعامل الموظفين,Q256_3
استبانة تجربة المتعامل _ 2025 - ميدان,Customer Experience Survey _ 2025 - Tablet,3,,,3.0,,2,5,3,1,3,3,4,4,5,4,4,4,4,4,4,4,4,4.0,4.0,4.0,4.0,4.0,2.0,4.0,4.0,4.0,4.0,3.0,4.0,4.0,3.0,3.0,4.0,5.0,10.0,,لاشي,ابتسامه الموظفين,Q256_3
استبانة تجربة المتعامل _ 2025 - ميدان,Customer Experience Survey _ 2025 - Tablet,3,,,2.0,,2,7,3,3,4,4,2,2,4,4,3,4,4,4,4,4,4,4.0,4.0,4.0,4.0,4.0,3.0,4.0,2.0,3.0,4.0,4.0,4.0,4.0,4.0,4.0,4.0,4.0,8.0,,عدم انجاز المعامله من اول مره,لاشي,Q256_2
استبانة تجربة المتعامل _ 2025 - ميدان,Customer Experience Survey _ 2025 - Tablet,3,,,3.0,,1,5,4,1,4,4,4,4,4,4,4,4,4,4,4,4,4,4.0,4.0,4.0,4.0,4.0,5.0,5.0,5.0,5.0,5.0,5.0,5.0,4.0,5.0,5.0,5.0,5.0,10.0,,Nothing,Im satisfied for the good service,Q256_3
استبانة تجربة المتعامل _ 2025 - ميدان,Customer Experience Survey _ 2025 - Tablet,3,,,3.0,,1,7,3,3,5,5,5,5,5,5,5,5,5,5,5,5,5,5.0,5.0,5.0,5.0,5.0,5.0,5.0,5.0,5.0,5.0,5.0,5.0,4.0,5.0,5.0,5.0,5.0,10.0,,لايوجد,الخدمة ممتازة فاانا دائم الحضور بالمركز بصفتي مندوب واجد الخدمة تتطور وتخدم الجميع,Q256_3
استبانة تجربة المتعامل _ 2025 - ميدان,Customer Experience Survey _ 2025 - Tablet,3,,,4.0,,1,7,3,3,5,4,5,4,5,5,4,5,4,5,5,5,4,4.0,5.0,5.0,5.0,4.0,5.0,5.0,5.0,5.0,5.0,5.0,5.0,5.0,5.0,5.0,5.0,5.0,10.0,,لايوجد,الاستقبال والموظفين,Q256_4
استبانة تجربة المتعامل _ 2025 - ميدان,Customer Experience Survey _ 2025 - Tablet,3,,,3.0,,2,7,3,1,4,4,4,4,4,5,4,4,4,5,4,4,4,4.0,4.0,4.0,4.0,4.0,4.0,4.0,4.0,5.0,5.0,5.0,5.0,5.0,5.0,5.0,5.0,5.0,7.0,,لا شي,التعاون وإنجاز المعاملات,Q256_3
استبانة تجربة المتعامل _ 2025 - ميدان,Customer Experience Survey _ 2025 - Tablet,3,,,1.0,,1,7,1,3,4,4,3,5,4,4,4,5,4,5,5,4,5,5.0,5.0,5.0,5.0,5.0,5.0,4.0,4.0,5.0,5.0,5.0,5.0,5.0,5.0,5.0,4.0,4.0,10.0,,لا شي,الموظفين,Q256_1
استبانة تجربة المتعامل _ 2025 - ميدان,Customer Experience Survey _ 2025 - Tablet,3,,,3.0,,1,5,4,1,5,5,4,4,4,4,4,4,4,5,4,4,4,4.0,4.0,4.0,4.0,4.0,4.0,4.0,4.0,4.0,4.0,5.0,5.0,5.0,5.0,5.0,5.0,5.0,10.0,,Nothing,Everything is good,Q256_3
استبانة تجربة المتعامل _ 2025 - ميدان,Customer Experience Survey _ 2025 - Tablet,3,,,3.0,,2,5,4,1,4,5,4,4,4,4,4,4,4,4,4,4,5,5.0,5.0,5.0,5.0,5.0,5.0,5.0,5.0,5.0,5.0,5.0,5.0,5.0,5.0,5.0,5.0,5.0,10.0,,Nothing,Customer service,Q256_3
استبانة تجربة المتعامل _ 2025 - ميدان,Customer Experience Survey _ 2025 - Tablet,3,,,3.0,,1,7,3,3,2,4,4,4,4,3,4,4,5,4,4,3,5,4.0,4.0,3.0,2.0,4.0,4.0,4.0,2.0,2.0,5.0,4.0,4.0,4.0,4.0,4.0,4.0,4.0,7.0,,عدم وجود موظف مختص وله دراية بالمعاملة حيث يتم ارجاعي اكثر من مرة لموظفين آخرين وترجع الدائرة من اول وعليه عدم انجاز معاملتي وعدم حسن تصرف من قبل موظفي التنفيذ,المكان نظيف وهادي,Q256_3
استبانة تجربة المتعامل _ 2025 - ميدان,Customer Experience Survey _ 2025 - Tablet,3,,,2.0,,1,7,3,1,5,5,5,5,5,5,5,5,5,5,5,5,5,5.0,5.0,5.0,5.0,5.0,5.0,5.0,5.0,5.0,5.0,5.0,5.0,5.0,5.0,4.0,5.0,5.0,8.0,,لايوجد,المعاملة جيدة جدا,Q256_2
استبانة تجربة المتعامل _ 2025 - ميدان,Customer Experience Survey _ 2025 - Tablet,3,,,2.0,,1,7,3,1,4,4,4,4,4,4,4,4,5,4,4,4,4,5.0,4.0,5.0,5.0,5.0,5.0,5.0,4.0,4.0,4.0,4.0,4.0,4.0,4.0,4.0,4.0,4.0,8.0,,لايوجد,التنظيم,Q256_2
استبانة تجربة المتعامل _ 2025 - ميدان,Customer Experience Survey _ 2025 - Tablet,3,,,2.0,,1,7,3,1,4,4,4,4,4,5,4,4,4,4,5,5,5,5.0,4.0,4.0,5.0,5.0,3.0,4.0,4.0,4.0,4.0,5.0,5.0,5.0,5.0,5.0,5.0,5.0,9.0,,لايوجد,السرعة,Q256_2
استبانة تجربة المتعامل _ 2025 - ميدان,Customer Experience Survey _ 2025 - Tablet,3,,,3.0,,2,5,4,1,5,5,5,5,5,5,5,5,5,5,5,5,5,5.0,5.0,5.0,5.0,5.0,5.0,5.0,5.0,5.0,5.0,5.0,5.0,5.0,5.0,5.0,5.0,5.0,10.0,,Nothing,The service is fast,Q256_3
استبانة تجربة المتعامل _ 2025 - ميدان,Customer Experience Survey _ 2025 - Tablet,3,,,3.0,,1,5,4,1,5,4,4,4,4,4,4,4,4,4,4,4,4,4.0,5.0,5.0,5.0,5.0,5.0,5.0,5.0,5.0,5.0,5.0,5.0,5.0,5.0,5.0,5.0,5.0,10.0,,Nothing,Good service,Q256_3
استبانة تجربة المتعامل _ 2025 - ميدان,Customer Experience Survey _ 2025 - Tablet,3,,,1.0,,2,7,3,1,4,4,4,4,4,4,4,4,4,4,4,4,4,3.0,3.0,3.0,3.0,3.0,3.0,3.0,3.0,3.0,5.0,5.0,5.0,5.0,3.0,4.0,3.0,3.0,5.0,,التأخير وعدم وجود الموظف المختص علي مكتبه مما يساعد علي ضياع الوقت ولدى مواعيد اخرى,لايوجد,Q256_1
استبانة تجربة المتعامل _ 2025 - ميدان,Customer Experience Survey _ 2025 - Tablet,3,,,1.0,,1,7,1,1,5,5,4,3,3,4,4,5,4,4,4,4,4,5.0,4.0,4.0,4.0,4.0,5.0,5.0,4.0,4.0,4.0,5.0,4.0,4.0,4.0,4.0,4.0,4.0,9.0,,عدم وجود ضيافة من مياه وشاي وقهوة,وجود عدد كافي من الموظفين,Q256_1
استبانة تجربة المتعامل _ 2025 - ميدان,Customer Experience Survey _ 2025 - Tablet,3,,,3.0,,1,5,1,1,5,5,5,2,5,5,1,5,5,5,5,5,5,5.0,5.0,5.0,5.0,5.0,5.0,5.0,5.0,5.0,5.0,5.0,5.0,5.0,3.0,5.0,5.0,5.0,9.0,,نوظفة الاستقبال غير مرحبا بالعملاء,إنجاز المعاملة الخاصة بي,Q256_3
استبانة تجربة المتعامل _ 2025 - ميدان,Customer Experience Survey _ 2025 - Tablet,3,,,3.0,,1,7,3,3,5,5,5,5,5,5,5,5,5,5,3,5,5,5.0,5.0,5.0,4.0,5.0,5.0,5.0,5.0,5.0,5.0,5.0,5.0,5.0,5.0,5.0,5.0,5.0,8.0,,لا يوجد,لا يوجد,Q256_3
استبانة تجربة المتعامل _ 2025 - ميدان,Customer Experience Survey _ 2025 - Tablet,3,,,3.0,,2,7,5,1,5,5,5,5,5,5,5,5,5,5,5,5,5,5.0,3.0,3.0,3.0,4.0,5.0,5.0,5.0,5.0,3.0,5.0,5.0,5.0,5.0,5.0,5.0,5.0,10.0,,Nothing,Good service,Q256_3
استبانة تجربة المتعامل _ 2025 - ميدان,Customer Experience Survey _ 2025 - Tablet,3,,,3.0,,1,8,3,1,5,5,5,5,5,5,5,5,5,5,5,5,5,5.0,5.0,3.0,2.0,5.0,5.0,5.0,5.0,5.0,5.0,5.0,5.0,5.0,5.0,5.0,5.0,5.0,7.0,,الموظفات المتواجدين داخل المحكمة ينقصهم الخبرة,لا يوجد,Q256_3
استبانة تجربة المتعامل _ 2025 - ميدان,Customer Experience Survey _ 2025 - Tablet,3,,,4.0,,2,5,4,1,5,5,5,1,5,4,3,5,5,5,1,2,5,5.0,5.0,3.0,4.0,5.0,5.0,5.0,5.0,5.0,5.0,3.0,5.0,5.0,4.0,4.0,5.0,5.0,6.0,,لا يوجد,لا يوجد,Q256_4
استبانة تجربة المتعامل _ 2025 - ميدان,Customer Experience Survey _ 2025 - Tablet,3,,,3.0,,1,5,3,3,4,4,4,3,4,4,4,4,4,4,4,4,4,4.0,4.0,4.0,3.0,3.0,4.0,4.0,4.0,4.0,4.0,2.0,4.0,4.0,4.0,3.0,4.0,4.0,8.0,,لاشي,_,Q256_3
استبانة تجربة المتعامل _ 2025 - ميدان,Customer Experience Survey _ 2025 - Tablet,3,,,4.0,,2,7,3,3,4,4,4,1,4,4,4,4,4,4,4,3,4,4.0,4.0,4.0,4.0,4.0,4.0,4.0,4.0,4.0,4.0,4.0,4.0,4.0,4.0,3.0,4.0,4.0,9.0,,عدم توفر المواقف,تعامل الموظفين,Q256_4
استبانة تجربة المتعامل _ 2025 - ميدان,Customer Experience Survey _ 2025 - Tablet,3,,,3.0,,1,7,3,1,4,4,4,4,4,4,4,4,4,4,4,1,4,4.0,4.0,4.0,3.0,4.0,2.0,4.0,4.0,4.0,4.0,1.0,4.0,4.0,4.0,2.0,4.0,4.0,8.0,,انتظار مده طويله لتخليص المعامله,_,Q256_3
استبانة تجربة المتعامل _ 2025 - ميدان,Customer Experience Survey _ 2025 - Tablet,3,,,2.0,,2,7,3,3,4,4,4,3,3,4,4,4,4,4,4,4,4,4.0,4.0,4.0,4.0,4.0,4.0,4.0,4.0,4.0,4.0,3.0,4.0,4.0,4.0,3.0,4.0,4.0,8.0,,لاشي,تعامل الموظفين,Q256_2
استبانة تجربة المتعامل _ 2025 - ميدان,Customer Experience Survey _ 2025 - Tablet,3,,,3.0,,1,5,1,1,4,4,4,2,4,4,4,4,4,4,4,3,4,4.0,4.0,3.0,3.0,4.0,2.0,3.0,4.0,3.0,4.0,3.0,4.0,4.0,3.0,3.0,3.0,3.0,8.0,,_,_,Q256_3
استبانة تجربة المتعامل _ 2025 - ميدان,Customer Experience Survey _ 2025 - Tablet,3,,,3.0,,2,5,6,1,4,4,4,4,4,4,4,4,4,4,4,3,4,4.0,4.0,4.0,4.0,4.0,4.0,4.0,2.0,2.0,4.0,1.0,4.0,4.0,3.0,3.0,2.0,2.0,7.0,,الرسوم مرتفعه,_,Q256_3
استبانة تجربة المتعامل _ 2025 - ميدان,Customer Experience Survey _ 2025 - Tablet,3,,,1.0,,1,5,1,1,4,4,5,4,5,4,4,4,4,4,4,4,4,4.0,4.0,4.0,4.0,4.0,4.0,4.0,4.0,3.0,4.0,3.0,4.0,3.0,2.0,2.0,3.0,2.0,8.0,,تحمل تكلفه الاجراء للمره التانيه,تعامل الموظف,Q256_1
استبانة تجربة المتعامل _ 2025 - ميدان,Customer Experience Survey _ 2025 - Tablet,3,,,3.0,,2,7,1,1,4,4,2,4,4,4,2,3,4,3,3,4,4,4.0,4.0,4.0,3.0,2.0,3.0,3.0,4.0,4.0,4.0,1.0,1.0,3.0,4.0,2.0,3.0,2.0,7.0,,التنقل من موظف ل موظف / عمليه الدفع تتم لكل إجراء منفصل/تعامل موظفه الاستقبال ليس جيد,_,Q256_3
استبانة تجربة المتعامل _ 2025 - ميدان,Customer Experience Survey _ 2025 - Tablet,3,,,3.0,,1,5,1,1,4,4,4,4,4,4,4,4,4,4,4,3,4,4.0,4.0,4.0,4.0,3.0,4.0,4.0,2.0,3.0,4.0,3.0,4.0,3.0,3.0,3.0,2.0,2.0,6.0,,من ? سنوات القضيه والى الان لم يتم السداد,_,Q256_3
استبانة تجربة المتعامل _ 2025 - ميدان,Customer Experience Survey _ 2025 - Tablet,3,,,3.0,,1,7,3,3,4,4,1,3,4,4,4,4,4,4,4,4,4,4.0,4.0,4.0,4.0,4.0,4.0,4.0,4.0,2.0,4.0,1.0,4.0,1.0,2.0,2.0,2.0,1.0,5.0,,صعوبه الإجراءات و عدم مرونه ساعات العمل,_,Q256_3
استبانة تجربة المتعامل _ 2025 - ميدان,Customer Experience Survey _ 2025 - Tablet,3,,,3.0,,2,5,3,1,4,4,4,4,4,4,4,4,4,4,3,3,4,4.0,3.0,4.0,3.0,2.0,4.0,2.0,4.0,2.0,4.0,4.0,4.0,4.0,4.0,4.0,2.0,1.0,8.0,,تعامل موظفه,_,Q256_3
استبانة تجربة المتعامل _ 2025 - ميدان,Customer Experience Survey _ 2025 - Tablet,3,,,3.0,,1,5,1,1,4,4,4,4,4,4,3,4,4,4,3,4,4,4.0,4.0,4.0,4.0,4.0,4.0,4.0,4.0,4.0,4.0,4.0,4.0,3.0,3.0,3.0,4.0,4.0,8.0,,لاشي,تعامل الموظفين,Q256_3
استبانة تجربة المتعامل _ 2025 - ميدان,Customer Experience Survey _ 2025 - Tablet,3,,,3.0,,1,7,1,1,4,4,2,3,4,4,4,4,4,4,3,4,4,4.0,4.0,4.0,4.0,2.0,4.0,2.0,4.0,1.0,4.0,1.0,4.0,1.0,2.0,3.0,1.0,1.0,3.0,,عدم انجاز المعامله /وعدم الرد على الهاتف والواتس,لاشي,Q256_3
استبانة تجربة المتعامل _ 2025 - ميدان,Customer Experience Survey _ 2025 - Tablet,3,,,3.0,,2,7,3,1,4,4,4,3,4,4,4,4,4,4,3,4,4,4.0,4.0,3.0,4.0,4.0,3.0,4.0,3.0,4.0,4.0,2.0,4.0,3.0,3.0,2.0,4.0,4.0,9.0,,اي اجراء يتطلب دفع رسوم واذا حدث خطأ لا تسترد المبالغ,_,Q256_3
استبانة تجربة المتعامل _ 2025 - ميدان,Customer Experience Survey _ 2025 - Tablet,3,,,4.0,,1,7,3,3,4,4,2,4,4,4,4,4,4,4,3,4,4,4.0,4.0,4.0,4.0,4.0,4.0,4.0,4.0,4.0,4.0,4.0,4.0,4.0,3.0,3.0,4.0,4.0,10.0,,لاشي,_,Q256_4
استبانة تجربة المتعامل _ 2025 - ميدان,Customer Experience Survey _ 2025 - Tablet,3,,,3.0,,1,5,1,1,4,4,4,4,4,4,4,4,4,4,3,4,4,4.0,4.0,4.0,4.0,3.0,4.0,4.0,3.0,3.0,4.0,4.0,4.0,3.0,3.0,3.0,3.0,3.0,8.0,,لاشي,_,Q256_3
استبانة تجربة المتعامل _ 2025 - ميدان,Customer Experience Survey _ 2025 - Tablet,3,,,3.0,,1,7,4,3,4,4,3,4,4,4,4,4,4,4,4,3,4,3.0,4.0,4.0,4.0,2.0,2.0,4.0,3.0,2.0,3.0,3.0,4.0,3.0,3.0,3.0,3.0,3.0,7.0,,عدم سرعه انجاز المعامله,_,Q256_3
استبانة تجربة المتعامل _ 2025 - ميدان,Customer Experience Survey _ 2025 - Tablet,3,,,1.0,,1,7,3,3,4,4,3,4,4,4,4,4,4,4,5,3,4,5.0,4.0,4.0,4.0,4.0,2.0,4.0,4.0,4.0,4.0,4.0,4.0,4.0,3.0,3.0,4.0,4.0,9.0,,لاشي,_,Q256_1
استبانة تجربة المتعامل _ 2025 - ميدان,Customer Experience Survey _ 2025 - Tablet,3,,,3.0,,1,7,3,3,4,4,4,4,4,4,4,4,4,4,4,3,4,4.0,4.0,4.0,4.0,3.0,3.0,4.0,4.0,4.0,4.0,2.0,4.0,2.0,4.0,3.0,3.0,3.0,8.0,,لاشي,_,Q256_3
استبانة تجربة المتعامل _ 2025 - ميدان,Customer Experience Survey _ 2025 - Tablet,3,,,3.0,,1,7,3,1,4,4,5,5,2,4,4,4,4,4,3,3,4,5.0,5.0,5.0,5.0,3.0,3.0,4.0,4.0,4.0,4.0,1.0,4.0,3.0,3.0,2.0,4.0,2.0,9.0,,رسوم الخدمات مرتفع,_,Q256_3
استبانة تجربة المتعامل _ 2025 - ميدان,Customer Experience Survey _ 2025 - Tablet,3,,,3.0,,1,7,3,1,4,4,4,5,5,5,5,5,5,5,3,2,4,5.0,4.0,4.0,4.0,3.0,4.0,3.0,4.0,4.0,4.0,2.0,4.0,4.0,4.0,3.0,3.0,3.0,9.0,,رسوم الخدمات مرتفعه,_,Q256_3
استبانة تجربة المتعامل _ 2025 - ميدان,Customer Experience Survey _ 2025 - Tablet,3,,,3.0,,1,7,4,3,4,4,3,4,4,4,4,4,5,5,5,3,4,5.0,5.0,5.0,5.0,4.0,2.0,4.0,2.0,2.0,4.0,4.0,4.0,3.0,3.0,3.0,4.0,3.0,6.0,,اخذ كثير من الوقت لإنجاز المعامله,_,Q256_3
استبانة تجربة المتعامل _ 2025 - ميدان,Customer Experience Survey _ 2025 - Tablet,3,,,3.0,,2,5,3,1,4,4,4,4,5,4,3,4,4,4,3,2,4,4.0,3.0,3.0,4.0,4.0,4.0,3.0,3.0,3.0,4.0,1.0,4.0,2.0,3.0,3.0,3.0,2.0,9.0,,لاشي,_,Q256_3
استبانة تجربة المتعامل _ 2025 - ميدان,Customer Experience Survey _ 2025 - Tablet,3,,,4.0,,1,7,3,1,4,4,4,4,4,4,4,4,4,4,3,4,4,4.0,4.0,4.0,4.0,3.0,4.0,4.0,4.0,4.0,4.0,4.0,4.0,4.0,3.0,3.0,4.0,4.0,8.0,,لاشي,_,Q256_4
استبانة تجربة المتعامل _ 2025 - ميدان,Customer Experience Survey _ 2025 - Tablet,3,,,4.0,,2,7,3,1,4,4,4,4,4,4,4,4,4,4,3,3,4,4.0,4.0,4.0,4.0,2.0,4.0,3.0,3.0,3.0,4.0,2.0,4.0,3.0,3.0,3.0,3.0,3.0,8.0,,لاشي,_,Q256_4
استبانة تجربة المتعامل _ 2025 - ميدان,Customer Experience Survey _ 2025 - Tablet,3,,,3.0,,2,7,3,1,4,4,5,3,4,4,4,4,4,4,3,4,4,3.0,3.0,3.0,3.0,2.0,2.0,3.0,3.0,3.0,4.0,1.0,4.0,3.0,3.0,2.0,2.0,1.0,7.0,,رسوم الاجراء /تعامل الموظفه كان سيئ جدا صزخت علي,_,Q256_3
استبانة تجربة المتعامل _ 2025 - ميدان,Customer Experience Survey _ 2025 - Tablet,3,,,4.0,,1,8,3,3,5,5,5,5,5,5,5,5,5,5,5,5,5,5.0,5.0,5.0,5.0,5.0,5.0,5.0,5.0,5.0,5.0,2.0,5.0,5.0,5.0,5.0,5.0,5.0,8.0,,لايوجد,لا,Q256_4
استبانة تجربة المتعامل _ 2025 - ميدان,Customer Experience Survey _ 2025 - Tablet,3,,,3.0,,1,8,3,3,5,5,2,5,5,5,4,4,5,5,5,5,5,5.0,5.0,4.0,4.0,4.0,4.0,4.0,4.0,4.0,5.0,5.0,5.0,5.0,5.0,3.0,5.0,4.0,7.0,,لا يوجد,لاشيء بالتحديد,Q256_3
استبانة تجربة المتعامل _ 2025 - ميدان,Customer Experience Survey _ 2025 - Tablet,3,,,2.0,,1,5,1,1,5,5,5,5,5,5,5,5,5,5,5,5,5,5.0,5.0,5.0,5.0,5.0,5.0,5.0,5.0,5.0,5.0,5.0,5.0,4.0,5.0,5.0,5.0,5.0,10.0,,لا يوجد,إنجاز الطلب,Q256_2
استبانة تجربة المتعامل _ 2025 - ميدان,Customer Experience Survey _ 2025 - Tablet,3,,,3.0,,1,7,3,3,5,5,3,5,5,5,5,5,5,5,5,5,5,5.0,5.0,5.0,5.0,5.0,5.0,5.0,5.0,5.0,5.0,5.0,5.0,5.0,5.0,5.0,5.0,5.0,8.0,,اتمنى زيادة عدد ساعات الدوام بحيث تكملة المعاملة,تعاون الموظفين,Q256_3
استبانة تجربة المتعامل _ 2025 - ميدان,Customer Experience Survey _ 2025 - Tablet,3,,,3.0,,1,7,3,3,5,5,5,5,5,5,5,5,5,5,3,5,5,5.0,5.0,5.0,5.0,5.0,5.0,5.0,5.0,5.0,5.0,4.0,5.0,5.0,5.0,5.0,5.0,5.0,10.0,,لا يوجد,الموظفين,Q256_3
استبانة تجربة المتعامل _ 2025 - ميدان,Customer Experience Survey _ 2025 - Tablet,3,,,3.0,,1,5,3,1,5,5,5,5,5,5,5,5,5,5,5,5,5,5.0,5.0,5.0,5.0,5.0,5.0,2.0,2.0,3.0,5.0,3.0,5.0,3.0,3.0,5.0,3.0,2.0,6.0,,تعطيل القضية لشهور رغم انها بسيطة ولا يوجد حل بالإضافة الي التكلفة,لا يوجد,Q256_3
استبانة تجربة المتعامل _ 2025 - ميدان,Customer Experience Survey _ 2025 - Tablet,3,,,1.0,,1,5,1,1,5,5,5,5,5,5,5,2,5,5,3,2,5,5.0,5.0,5.0,5.0,2.0,3.0,5.0,1.0,2.0,5.0,1.0,5.0,3.0,1.0,1.0,2.0,2.0,2.0,,لا يوجد مساعدة وانا من أصحاب الهمم وليس لدي وظيفة و الإجراءات بمبالغ,لا يوجد,Q256_1
استبانة تجربة المتعامل _ 2025 - ميدان,Customer Experience Survey _ 2025 - Tablet,3,,,4.0,,1,5,3,1,5,5,5,3,5,5,5,5,5,5,5,5,5,5.0,5.0,5.0,5.0,5.0,5.0,5.0,5.0,5.0,5.0,5.0,5.0,5.0,3.0,5.0,5.0,5.0,9.0,,تقليل النسبة الاشتراك والابليكشن يعلق شوي,إنجاز المعاملة,Q256_4
استبانة تجربة المتعامل _ 2025 - ميدان,Customer Experience Survey _ 2025 - Tablet,3,,,2.0,,1,5,3,1,5,5,5,2,5,3,5,5,5,4,5,5,5,5.0,5.0,5.0,3.0,5.0,5.0,5.0,5.0,5.0,5.0,3.0,5.0,5.0,3.0,3.0,5.0,5.0,10.0,,اتمنى لهم الأفضل,سرعة إنجاز معاملة والموظفين,Q256_2
استبانة تجربة المتعامل _ 2025 - ميدان,Customer Experience Survey _ 2025 - Tablet,3,,,4.0,,1,5,1,2,5,5,5,4,5,5,5,5,5,5,3,5,5,5.0,5.0,5.0,5.0,5.0,5.0,5.0,5.0,5.0,5.0,2.0,5.0,5.0,3.0,3.0,5.0,5.0,10.0,,الموقع الإلكتروني والدعم الفني,تعامل الموظفين,Q256_4
استبانة تجربة المتعامل _ 2025 - ميدان,Customer Experience Survey _ 2025 - Tablet,3,,,3.0,,1,7,3,3,5,5,5,4,5,5,3,5,5,5,2,5,5,5.0,2.0,3.0,2.0,5.0,5.0,5.0,5.0,5.0,5.0,4.0,5.0,5.0,5.0,4.0,5.0,5.0,5.0,,اغلب الموظفين بحاجة الي الخبرة و التدريب لسرعة إجراء المعاملة وزيادة عدد الموظفين الأكثر خبرة,لا,Q256_3
استبانة تجربة المتعامل _ 2025 - ميدان,Customer Experience Survey _ 2025 - Tablet,3,,,3.0,,1,5,5,1,5,5,5,5,5,5,5,5,4,5,5,5,5,5.0,5.0,5.0,5.0,5.0,5.0,5.0,5.0,5.0,5.0,3.0,5.0,5.0,3.0,3.0,5.0,5.0,10.0,,لا يوجد,كله زين,Q256_3
استبانة تجربة المتعامل _ 2025 - ميدان,Customer Experience Survey _ 2025 - Tablet,3,,,2.0,,1,5,1,1,5,3,5,5,5,5,5,5,5,5,5,2,5,5.0,2.0,2.0,3.0,2.0,3.0,3.0,2.0,2.0,5.0,4.0,5.0,4.0,3.0,3.0,3.0,3.0,4.0,,لا يوجد مساعدة من قبل الموظفين وتأخير الالمعاملة,لا يوجد,Q256_2
استبانة تجربة المتعامل _ 2025 - ميدان,Customer Experience Survey _ 2025 - Tablet,3,,,4.0,,1,8,3,3,5,5,5,2,5,5,5,5,5,5,4,5,5,5.0,5.0,5.0,5.0,5.0,5.0,5.0,5.0,5.0,5.0,3.0,5.0,5.0,3.0,5.0,5.0,5.0,8.0,,الموقع الإلكتروني يحتاج تعديل ومواقف السيارات,الضيافة,Q256_4
استبانة تجربة المتعامل _ 2025 - ميدان,Customer Experience Survey _ 2025 - Tablet,3,,,4.0,,1,8,3,1,5,5,5,5,5,5,3,5,5,5,3,5,5,5.0,3.0,3.0,4.0,5.0,5.0,5.0,5.0,5.0,5.0,5.0,5.0,5.0,5.0,5.0,5.0,5.0,9.0,,لا يوجد,سهولة التعامل,Q256_4
استبانة تجربة المتعامل _ 2025 - ميدان,Customer Experience Survey _ 2025 - Tablet,3,,,3.0,,1,8,4,3,5,5,4,3,4,3,4,4,5,5,4,5,3,5.0,4.0,4.0,4.0,5.0,5.0,5.0,5.0,4.0,5.0,3.0,4.0,4.0,4.0,5.0,5.0,4.0,8.0,,No,Easy access,Q256_3
استبانة تجربة المتعامل _ 2025 - ميدان,Customer Experience Survey _ 2025 - Tablet,3,,,4.0,,1,8,4,4,5,5,5,5,5,5,5,5,5,5,5,5,5,5.0,5.0,5.0,5.0,5.0,5.0,5.0,5.0,5.0,5.0,3.0,5.0,5.0,5.0,5.0,5.0,5.0,10.0,,لا يوجد,تعامل الموظفين,Q256_4
استبانة تجربة المتعامل _ 2025 - ميدان,Customer Experience Survey _ 2025 - Tablet,3,,,3.0,,1,7,3,1,5,5,5,5,5,5,5,5,5,5,5,5,5,5.0,5.0,5.0,5.0,5.0,5.0,5.0,5.0,5.0,5.0,3.0,5.0,5.0,5.0,5.0,5.0,4.0,10.0,,لا شي,سهولة وبشاشة الموظفين,Q256_3
استبانة تجربة المتعامل _ 2025 - ميدان,Customer Experience Survey _ 2025 - Tablet,3,,,3.0,,1,7,3,3,5,5,5,2,5,5,5,5,5,5,4,5,5,5.0,5.0,5.0,5.0,5.0,5.0,5.0,5.0,5.0,5.0,4.0,5.0,5.0,3.0,3.0,5.0,5.0,10.0,,الباركن,تعامل الموظفين,Q256_3
استبانة تجربة المتعامل _ 2025 - ميدان,Customer Experience Survey _ 2025 - Tablet,3,,,3.0,,1,8,4,3,5,5,5,5,5,5,5,5,5,5,5,5,5,5.0,5.0,5.0,5.0,5.0,5.0,5.0,5.0,5.0,3.0,3.0,5.0,5.0,5.0,5.0,5.0,5.0,10.0,,Nothing,Good service provided by staff,Q256_3
استبانة تجربة المتعامل _ 2025 - ميدان,Customer Experience Survey _ 2025 - Tablet,3,,,2.0,,1,5,1,1,4,3,5,5,5,3,5,5,5,5,4,5,5,5.0,5.0,5.0,5.0,5.0,5.0,5.0,5.0,5.0,5.0,3.0,5.0,5.0,3.0,3.0,5.0,5.0,8.0,,لا يوجد,الموظفين وتعاونهم للعميل,Q256_2
استبانة تجربة المتعامل _ 2025 - ميدان,Customer Experience Survey _ 2025 - Tablet,3,,,3.0,,1,7,3,3,5,5,5,4,5,5,5,5,5,5,4,4,5,4.0,4.0,4.0,4.0,5.0,5.0,5.0,5.0,5.0,5.0,3.0,5.0,5.0,5.0,3.0,5.0,5.0,9.0,,الرسوم,إنجاز المعاملة,Q256_3
استبانة تجربة المتعامل _ 2025 - ميدان,Customer Experience Survey _ 2025 - Tablet,3,,,4.0,,1,8,3,3,5,5,5,5,5,4,5,5,5,5,3,5,5,5.0,5.0,5.0,5.0,5.0,5.0,5.0,5.0,5.0,5.0,3.0,3.0,5.0,5.0,5.0,5.0,5.0,10.0,,لا يوجد شيء ازعجني اتمنى لهم الافضل,إنجاز المعاملة وحسن تعامل الموظفين,Q256_4
استبانة تجربة المتعامل _ 2025 - ميدان,Customer Experience Survey _ 2025 - Tablet,3,,,1.0,,1,7,3,3,5,5,3,5,5,5,5,5,5,5,5,5,5,5.0,5.0,5.0,5.0,5.0,5.0,5.0,5.0,5.0,5.0,5.0,5.0,5.0,5.0,5.0,5.0,5.0,8.0,,اوقات العمل,تعامل ومساعدة الموظفين,Q256_1
استبانة تجربة المتعامل _ 2025 - ميدان,Customer Experience Survey _ 2025 - Tablet,3,,,3.0,,1,8,4,3,5,5,5,5,5,5,5,5,5,5,5,5,5,5.0,5.0,5.0,5.0,5.0,5.0,5.0,5.0,5.0,5.0,5.0,5.0,5.0,5.0,5.0,5.0,5.0,10.0,,Nothing,Nothing,Q256_3
استبانة تجربة المتعامل _ 2025 - ميدان,Customer Experience Survey _ 2025 - Tablet,3,,,4.0,,1,8,3,1,3,3,5,5,5,5,5,5,5,5,3,5,5,5.0,5.0,5.0,5.0,5.0,5.0,5.0,5.0,5.0,5.0,3.0,5.0,5.0,3.0,5.0,5.0,5.0,9.0,,لا يوجد,تعامل الموظفين,Q256_4
استبانة تجربة المتعامل _ 2025 - ميدان,Customer Experience Survey _ 2025 - Tablet,3,,,4.0,,1,5,4,1,5,5,5,5,5,5,5,5,5,5,5,5,5,3.0,3.0,3.0,4.0,4.0,5.0,4.0,4.0,4.0,2.0,4.0,5.0,5.0,5.0,5.0,4.0,4.0,7.0,,Staff do not providing the customer with enough information do not make it easy to us,Nothing,Q256_4
استبانة تجربة المتعامل _ 2025 - ميدان,Customer Experience Survey _ 2025 - Tablet,3,,,3.0,,1,5,2,1,5,5,5,5,5,5,5,5,5,5,5,2,5,5.0,5.0,5.0,5.0,5.0,5.0,5.0,5.0,5.0,5.0,5.0,5.0,5.0,5.0,5.0,5.0,5.0,9.0,,لا يوجد شيء بالتحديد ولكن إذا أمكن وجود اكثر من قاضي في المحكمة لعدم الانتظار لوقت طويل,الاستقبال,Q256_3
استبانة تجربة المتعامل _ 2025 - ميدان,Customer Experience Survey _ 2025 - Tablet,3,,,2.0,,1,5,1,1,5,5,5,2,5,5,5,5,5,5,5,5,5,5.0,5.0,5.0,5.0,5.0,5.0,2.0,2.0,2.0,5.0,3.0,5.0,5.0,5.0,5.0,5.0,5.0,4.0,,بعض الإجراءات غير معروفة وغير مفهومة لبعض الأشخاص اتمنى تثقيف المتعاملين بالإجراءات القانونية لعدم مواجهة الصعوبات وبعض الإجراءات تفوق خبرة الموظف,انجزت معاملتي بنجاح  ولكن واجهتني الكثير من الصعوبات,Q256_2
استبانة تجربة المتعامل _ 2025 - ميدان,Customer Experience Survey _ 2025 - Tablet,3,,,4.0,,1,8,4,4,5,5,5,5,5,5,5,5,5,5,5,5,5,5.0,5.0,5.0,5.0,5.0,5.0,5.0,5.0,5.0,5.0,3.0,3.0,5.0,5.0,5.0,5.0,5.0,10.0,,لا يوجد,كل شيء جيد ولم انتظر لوقت طويل,Q256_4
استبانة تجربة المتعامل _ 2025 - ميدان,Customer Experience Survey _ 2025 - Tablet,3,,,3.0,,1,8,3,1,5,5,5,3,5,3,5,5,5,5,3,5,5,4.0,4.0,3.0,3.0,4.0,5.0,5.0,4.0,4.0,5.0,4.0,5.0,5.0,5.0,5.0,4.0,5.0,9.0,,بعض الموظفين بحاجة إلى التدريب واكتساب الخبرة,لا يوجد,Q256_3
